-- MySQL dump 10.13  Distrib 8.0.26, for Win64 (x86_64)
--
-- Host: localhost    Database: carcomparison
-- ------------------------------------------------------
-- Server version	8.0.26

/*!40101 SET @OLD_CHARACTER_SET_CLIENT=@@CHARACTER_SET_CLIENT */;
/*!40101 SET @OLD_CHARACTER_SET_RESULTS=@@CHARACTER_SET_RESULTS */;
/*!40101 SET @OLD_COLLATION_CONNECTION=@@COLLATION_CONNECTION */;
/*!50503 SET NAMES utf8 */;
/*!40103 SET @OLD_TIME_ZONE=@@TIME_ZONE */;
/*!40103 SET TIME_ZONE='+00:00' */;
/*!40014 SET @OLD_UNIQUE_CHECKS=@@UNIQUE_CHECKS, UNIQUE_CHECKS=0 */;
/*!40014 SET @OLD_FOREIGN_KEY_CHECKS=@@FOREIGN_KEY_CHECKS, FOREIGN_KEY_CHECKS=0 */;
/*!40101 SET @OLD_SQL_MODE=@@SQL_MODE, SQL_MODE='NO_AUTO_VALUE_ON_ZERO' */;
/*!40111 SET @OLD_SQL_NOTES=@@SQL_NOTES, SQL_NOTES=0 */;

--
-- Table structure for table `brand`
--

DROP TABLE IF EXISTS `brand`;
/*!40101 SET @saved_cs_client     = @@character_set_client */;
/*!50503 SET character_set_client = utf8mb4 */;
CREATE TABLE `brand` (
  `BName` varchar(30) NOT NULL,
  PRIMARY KEY (`BName`)
) ENGINE=InnoDB DEFAULT CHARSET=utf8mb4 COLLATE=utf8mb4_0900_ai_ci;
/*!40101 SET character_set_client = @saved_cs_client */;

--
-- Dumping data for table `brand`
--

LOCK TABLES `brand` WRITE;
/*!40000 ALTER TABLE `brand` DISABLE KEYS */;
INSERT INTO `brand` VALUES ('Audi'),('BMW'),('Bname'),('Citroën'),('Dacia'),('Fiat'),('Ford'),('Hyundai'),('Kia'),('Kolonne1'),('Mazda'),('Mercedes-Benz'),('MINI'),('Nissan'),('Opel'),('Peugeot'),('Porsche'),('Renault'),('SEAT'),('Tesla'),('Volkswagen'),('Volvo');
/*!40000 ALTER TABLE `brand` ENABLE KEYS */;
UNLOCK TABLES;

--
-- Table structure for table `car`
--

DROP TABLE IF EXISTS `car`;
/*!40101 SET @saved_cs_client     = @@character_set_client */;
/*!50503 SET character_set_client = utf8mb4 */;
CREATE TABLE `car` (
  `CarId` int NOT NULL AUTO_INCREMENT,
  `Variant` varchar(150) DEFAULT NULL,
  `ReleaseYear` date DEFAULT NULL,
  `FuelUsagePerKM` float NOT NULL,
  `Price` float NOT NULL,
  `MName` varchar(50) NOT NULL,
  `BName` varchar(30) NOT NULL,
  `FuelName` varchar(10) NOT NULL,
  PRIMARY KEY (`CarId`),
  KEY `MName` (`MName`),
  KEY `BName` (`BName`),
  KEY `FuelName` (`FuelName`),
  CONSTRAINT `car_ibfk_1` FOREIGN KEY (`MName`) REFERENCES `model` (`MName`),
  CONSTRAINT `car_ibfk_2` FOREIGN KEY (`BName`) REFERENCES `brand` (`BName`),
  CONSTRAINT `car_ibfk_3` FOREIGN KEY (`FuelName`) REFERENCES `fueltype` (`FuelName`)
) ENGINE=InnoDB AUTO_INCREMENT=1678 DEFAULT CHARSET=utf8mb4 COLLATE=utf8mb4_0900_ai_ci;
/*!40101 SET character_set_client = @saved_cs_client */;

--
-- Dumping data for table `car`
--

LOCK TABLES `car` WRITE;
/*!40000 ALTER TABLE `car` DISABLE KEYS */;
INSERT INTO `car` VALUES (1,'1.0 T-GDI Benzin 120HK 5d','2017-09-01',19.2,228501,'Ceed','Kia','Benzin'),(2,'2,0 T Summun aut. 5d','2011-09-01',12,621000,'V60','Volvo','Benzin'),(3,'1,2 Dig-T 115 Tekna+ 5d','2018-09-01',17.9,305990,'Qashqai','Nissan','Benzin'),(4,'1,2 T 100 Sport aut. 5d','2021-09-01',22.4,245811,'Corsa','Opel','Benzin'),(5,'1,0 T-GDI  Nordic Edition+ 5d','2019-09-01',20,206017,'Kona','Hyundai','Benzin'),(6,'2,0 SkyActiv-G 121 Vision 5d','2018-09-01',16.9,222495,'CX-3','Mazda','Benzin'),(7,'1,0 VTI 72 SportLine 5d','2018-09-01',28.9,92900,'C1','Citroën','Benzin'),(8,'0,9 TwinAlr 80 Popstar 3d','2017-09-01',26.3,147904,'500','Fiat','Benzin'),(9,'Cross Turismo 5d','2021-09-01',224,895720,'Taycan 4','Porsche','El'),(10,'La Prima 3d','2021-09-01',144,263810,'500e','Fiat','El'),(11,'55 Prestige quattro 5d','2020-09-01',228,737430,'e-tron','Audi','El'),(12,'P8 ReCharge Ultimate 5d','2022-09-01',238,475900,'C40','Volvo','El'),(13,'RWD 4d','2022-09-01',144,420810,'Model 3','Tesla','El'),(14,'xDrive40 Fully Charged 5d','2022-09-01',194,745820,'iX','BMW','El'),(15,'50 Allure 5d','2020-09-01',164,245910,'e-208','Peugeot','El'),(16,'Experience 3d','2020-09-01',148,280420,'Cooper SE','MINI','El'),(375,'55 TFSI Tiptronic quattro','2018-01-01',38.4615,1271000,'Q8','Audi','Benzin'),(376,'1.0 TFSI MT','2014-01-01',23.8095,237810,'A1','Audi','Benzin'),(377,'1.0 TFSI S-Tronic','2014-01-01',22.7273,237810,'A1','Audi','Benzin'),(378,'1.0 TFSI S-tronic','2014-01-01',22.7273,237810,'A1','Audi','Benzin'),(379,'1.4 TFSI MT','2016-01-01',22.2222,312810,'A3','Audi','Benzin'),(380,'1.0 TFSI MT','2016-01-01',22.2222,312810,'A3','Audi','Benzin'),(381,'1.0 TFSI MT','2016-01-01',22.2222,312810,'A3','Audi','Benzin'),(382,'1.0 TFSI S-tronic','2016-01-01',22.2222,312810,'A3','Audi','Benzin'),(383,'1.0 TFSI S-tronic','2016-01-01',22.2222,312810,'A3','Audi','Benzin'),(384,'25 TFSI MT','2018-01-01',21.7391,237810,'A1','Audi','Benzin'),(385,'1.4 TFSI MT','2014-01-01',21.2766,237810,'A1','Audi','Benzin'),(386,'1.4 TFSI S-Tronic','2014-01-01',21.2766,237810,'A1','Audi','Benzin'),(387,'1.4 TFSI MT','2016-01-01',21.2766,312810,'A3','Audi','Benzin'),(388,'1.0 MT','2018-01-01',21.2766,237810,'A1','Audi','Benzin'),(389,'30 TFSI MT','2018-01-01',20.8333,237810,'A1','Audi','Benzin'),(390,'30 TFSI S tronic','2018-01-01',20.8333,237810,'A1','Audi','Benzin'),(391,'1.4 TFSI MT','2016-01-01',20.8333,312810,'A3','Audi','Benzin'),(392,'1.4 TFSI S-tronic','2016-01-01',20.8333,312810,'A3','Audi','Benzin'),(393,'2.0 TFSI S tronic','2015-01-01',20.8333,485810,'A4','Audi','Benzin'),(394,'1.4 TFSI MT','2014-01-01',20.4082,237810,'A1','Audi','Benzin'),(395,'1.4 TFSI S-Tronic','2014-01-01',20.4082,237810,'A1','Audi','Benzin'),(396,'1.4 TFSI S tronic','2016-01-01',20.4082,312810,'A3','Audi','Benzin'),(397,'1.0 AMT','2018-01-01',20.4082,237810,'A1','Audi','Benzin'),(398,'1.0 MT','2018-01-01',20.4082,237810,'A1','Audi','Benzin'),(399,'1.5 AMT','2020-01-01',20.4082,312810,'A3','Audi','Benzin'),(400,'35 TFSI S tronic','2018-01-01',20,237810,'A1','Audi','Benzin'),(401,'1.5 AMT','2020-01-01',20,312810,'A3','Audi','Benzin'),(402,'1.5 MT','2020-01-01',20,312810,'A3','Audi','Benzin'),(403,'2.0 AMT','2015-01-01',20,485810,'A4','Audi','Benzin'),(404,'1.4 TFSI MT','2014-01-01',19.6078,237810,'A1','Audi','Benzin'),(405,'1.4 g-tron S-tronic','2016-01-01',19.6078,312810,'A3','Audi','Benzin'),(406,'1.4 TFSI S tronic','2016-01-01',19.6078,312810,'A3','Audi','Benzin'),(407,'1.0 TFSI MT','2016-01-01',19.6078,307810,'Q2','Audi','Benzin'),(408,'2.0 TFSI S tronic','2015-01-01',19.6078,485810,'A4','Audi','Benzin'),(409,'1.0 TFSI S tronic','2016-01-01',19.6078,307810,'Q2','Audi','Benzin'),(410,'1.5 AMT','2018-01-01',19.6078,237810,'A1','Audi','Benzin'),(411,'1.5 MT','2020-01-01',19.6078,312810,'A3','Audi','Benzin'),(412,'1.4 g-tron MT','2016-01-01',19.2308,312810,'A3','Audi','Benzin'),(413,'1.4 TFSI S tronic','2016-01-01',19.2308,307810,'Q2','Audi','Benzin'),(414,'1.4 AMT','2015-01-01',19.2308,485810,'A4','Audi','Benzin'),(415,'1.4 TFSI MT','2016-01-01',18.8679,312810,'A3','Audi','Benzin'),(416,'1.4 TFSI MT','2015-01-01',18.8679,485810,'A4','Audi','Benzin'),(417,'1.4 TFSI MT','2015-01-01',18.8679,485810,'A4','Audi','Benzin'),(418,'1.4 TFSI S tronic','2015-01-01',18.8679,485810,'A4','Audi','Benzin'),(419,'1.4 MT','2015-01-01',18.8679,485810,'A4','Audi','Benzin'),(420,'1.5 AMT','2020-01-01',18.8679,307810,'Q2','Audi','Benzin'),(421,'1.4 TFSI S tronic','2015-01-01',18.5185,485810,'A4','Audi','Benzin'),(422,'2.0 TFSI S tronic','2016-01-01',18.5185,547810,'A5','Audi','Benzin'),(423,'1.0 AMT','2020-01-01',18.5185,307810,'Q2','Audi','Benzin'),(424,'1.0 MT','2020-01-01',18.5185,307810,'Q2','Audi','Benzin'),(425,'1.5 MT','2020-01-01',18.5185,307810,'Q2','Audi','Benzin'),(426,'2.0 TFSI MT','2016-01-01',18.1818,312810,'A3','Audi','Benzin'),(427,'1.4 TFSI MT','2016-01-01',18.1818,307810,'Q2','Audi','Benzin'),(428,'2.0 TFSI MT','2015-01-01',18.1818,485810,'A4','Audi','Benzin'),(429,'1.4 MT','2014-01-01',18.1818,425810,'Q3','Audi','Benzin'),(430,'2.0 Â robot','2019-01-01',18.1818,445810,'Q3 Sportback','Audi','Benzin'),(431,'2.0 (230 l.c.) robot','2019-01-01',18.1818,445810,'Q3 Sportback','Audi','Benzin'),(432,'1.8 TFSI S-Tronic','2014-01-01',17.8571,237810,'A1','Audi','Benzin'),(433,'2.0 TFSI MT','2016-01-01',17.8571,312810,'A3','Audi','Benzin'),(434,'2.0 TFSI S-tronic','2016-01-01',17.8571,312810,'A3','Audi','Benzin'),(435,'2.0 TFSI MT','2015-01-01',17.8571,485810,'A4','Audi','Benzin'),(436,'3.0 AT 4WD','2017-01-01',17.8571,1023000,'A8','Audi','Benzin'),(437,'4.0 AT 4WD','2017-01-01',17.8571,1023000,'A8','Audi','Benzin'),(438,'2.0 TFSI S-tronic','2016-01-01',17.5439,312810,'A3','Audi','Benzin'),(439,'2.0 TFSI S-tronic quattro','2016-01-01',17.5439,312810,'A3','Audi','Benzin'),(440,'2.0 TFSI S tronic','2015-01-01',17.5439,485810,'A4','Audi','Benzin'),(441,'2.0 TFSI S-tronic quattro','2016-01-01',17.5439,312810,'A3','Audi','Benzin'),(442,'35 TFSI S tronic','2018-01-01',17.5439,425810,'Q3','Audi','Benzin'),(443,'1.8 TFSI S tronic','2014-01-01',17.5439,598810,'A6','Audi','Benzin'),(444,'1.8 AMT','2014-01-01',17.5439,638810,'TT','Audi','Benzin'),(445,'2.0 TFSI S tronic','2016-01-01',17.2414,312810,'A3','Audi','Benzin'),(446,'1.8 TFSI S tronic','2014-01-01',17.2414,638810,'TT','Audi','Benzin'),(447,'2.0 TFSI S-tronic quattro','2016-01-01',17.2414,312810,'A3','Audi','Benzin'),(448,'1.4 TFSI MT','2014-01-01',17.2414,425810,'Q3','Audi','Benzin'),(449,'1.8 TFSI S tronic','2014-01-01',17.2414,772706,'A7','Audi','Benzin'),(450,'1.4 AMT','2014-01-01',17.2414,425810,'Q3','Audi','Benzin'),(451,'1.8 MT','2014-01-01',17.2414,638810,'TT','Audi','Benzin'),(452,'1.8 AMT','2014-01-01',17.2414,638810,'TT','Audi','Benzin'),(453,'1.8 TFSI MT','2014-01-01',16.9492,638810,'TT','Audi','Benzin'),(454,'2.0 TFSI S tronic quattro','2016-01-01',16.9492,312810,'A3','Audi','Benzin'),(455,'2.0 TFSI MT','2014-01-01',16.9492,638810,'TT','Audi','Benzin'),(456,'1.8 TFSI S tronic','2014-01-01',16.9492,638810,'TT','Audi','Benzin'),(457,'2.0 TFSI S tronic quattro','2015-01-01',16.9492,485810,'A4','Audi','Benzin'),(458,'2.0 TFSI MT','2016-01-01',16.9492,547810,'A5','Audi','Benzin'),(459,'2.0 TFSI S tronic','2016-01-01',16.9492,547810,'A5','Audi','Benzin'),(460,'1.8 TFSI MT','2014-01-01',16.9492,598810,'A6','Audi','Benzin'),(461,'2.0 TFSI S tronic','2014-01-01',16.9492,598810,'A6','Audi','Benzin'),(462,'2.0 TFSI S tronic quattro','2014-01-01',16.9492,598810,'A6','Audi','Benzin'),(463,'1.8 TFSI S tronic','2014-01-01',16.9492,598810,'A6','Audi','Benzin'),(464,'2.0 TFSI S tronic','2015-01-01',16.9492,485810,'A4','Audi','Benzin'),(465,'2.0 MT','2014-01-01',16.9492,638810,'TT','Audi','Benzin'),(466,'1.8 MT','2014-01-01',16.9492,638810,'TT','Audi','Benzin'),(467,'40 TFSI S tronic','2018-01-01',16.6667,237810,'A1','Audi','Benzin'),(468,'1.8 TFSI MT','2014-01-01',16.6667,638810,'TT','Audi','Benzin'),(469,'2.0 TFSI S tronic','2015-01-01',16.6667,485810,'A4','Audi','Benzin'),(470,'35 TFSI MT','2018-01-01',16.6667,425810,'Q3','Audi','Benzin'),(471,'45 TFSI S tronic','2018-01-01',16.6667,598810,'A6','Audi','Benzin'),(472,'1.4 TFSI S tronic','2014-01-01',16.6667,425810,'Q3','Audi','Benzin'),(473,'2.0 AMT','2018-01-01',16.6667,237810,'A1','Audi','Benzin'),(474,'2.0 TFSI Quattro S tronic','2016-01-01',16.3934,307810,'Q2','Audi','Benzin'),(475,'2.0 TFSI S tronic quattro','2015-01-01',16.3934,485810,'A4','Audi','Benzin'),(476,'2.0 TFSI S tronic','2015-01-01',16.3934,485810,'A4','Audi','Benzin'),(477,'2.0 AMT 4WD','2015-01-01',16.3934,485810,'A4','Audi','Benzin'),(478,'2.0 AMT','2018-01-01',16.3934,638810,'TT','Audi','Benzin'),(479,'2.0 TFSI MT','2014-01-01',16.129,638810,'TT','Audi','Benzin'),(480,'2.0 TFSI S tronic','2016-01-01',16.129,547810,'A5','Audi','Benzin'),(481,'2.0 TFSI S tronic quattro','2016-01-01',16.129,547810,'A5','Audi','Benzin'),(482,'45 TFSI S tronic','2017-01-01',16.129,772706,'A7','Audi','Benzin'),(483,'1.8 TFSI MT','2014-01-01',16.129,598810,'A6','Audi','Benzin'),(484,'2.0 TFSI S tronic quattro','2016-01-01',15.873,547810,'A5','Audi','Benzin'),(485,'2.0 TFSI S tronic quattro','2016-01-01',15.873,547810,'A5','Audi','Benzin'),(486,'45 TFSI S tronic','2018-01-01',15.873,598810,'A6','Audi','Benzin'),(487,'2.0 TFSI MT','2015-01-01',15.873,485810,'A4','Audi','Benzin'),(488,'2.0 AMT','2018-01-01',15.873,638810,'TT','Audi','Benzin'),(489,'3.0 AT Â 4WD','2015-01-01',15.873,1136000,'Q7','Audi','Benzin'),(490,'2.0 TFSI S tronic','2014-01-01',15.625,638810,'TT','Audi','Benzin'),(491,'45 TFSI S tronic quattro','2017-01-01',15.625,772706,'A7','Audi','Benzin'),(492,'2.0 AMT 4WD','2014-01-01',15.625,638810,'TT','Audi','Benzin'),(493,'2.0 TFSI S tronic quattro','2014-01-01',15.3846,638810,'TT','Audi','Benzin'),(494,'2.0 TFSI quattro S tronic','2015-01-01',15.3846,485810,'A4','Audi','Benzin'),(495,'45 TFSI S tronic quattro','2018-01-01',15.3846,598810,'A6','Audi','Benzin'),(496,'2.0 TFSI S tronic quattro','2014-01-01',15.3846,425810,'Q3','Audi','Benzin'),(497,'2.0 AMT 4WD','2014-01-01',15.3846,425810,'Q3','Audi','Benzin'),(498,'2.0 AMT','2018-01-01',15.3846,638810,'TT','Audi','Benzin'),(499,'2.0 AMT 4WD','2020-01-01',15.1515,307810,'Q2','Audi','Benzin'),(500,'2.0 AMT 4WD','2014-01-01',15.1515,425810,'Q3','Audi','Benzin'),(501,'2.0 MT','2018-01-01',15.1515,638810,'TT','Audi','Benzin'),(502,'2.0 TFSI S tronic','2014-01-01',14.9254,638810,'TT','Audi','Benzin'),(503,'2.0 TFSI S tronic quattro','2014-01-01',14.9254,598810,'A6','Audi','Benzin'),(504,'2.0 TFSI S tronic quattro','2014-01-01',14.9254,425810,'Q3','Audi','Benzin'),(505,'55 TFSI S tronic quattro','2018-01-01',14.9254,598810,'A6','Audi','Benzin'),(506,'2.0 MT 4WD','2015-01-01',14.9254,485810,'A4','Audi','Benzin'),(507,'2.0 AMT 4WD','2018-01-01',14.9254,772706,'A7','Audi','Benzin'),(508,'2.0 AMT 4WD','2014-01-01',14.9254,638810,'TT','Audi','Benzin'),(509,'2.0 AMT','2018-01-01',14.9254,638810,'TT','Audi','Benzin'),(510,'2.0 TFSI S tronic quattro','2014-01-01',14.7059,638810,'TT','Audi','Benzin'),(511,'55 TFSI S tronic quattro','2017-01-01',14.7059,772706,'A7','Audi','Benzin'),(512,'40 L TFSI S tronic','2018-01-01',14.7059,598810,'A6','Audi','Benzin'),(513,'45 L TFSI S tronic','2018-01-01',14.7059,598810,'A6','Audi','Benzin'),(514,'2.0 TFSI S tronic quattro','2016-01-01',14.7059,555810,'Q5','Audi','Benzin'),(515,'45 TFSI S tronic quattro','2016-01-01',14.7059,555810,'Q5','Audi','Benzin'),(516,'2.0 AMT 4WD','2019-01-01',14.7059,485810,'A4 allroad','Audi','Benzin'),(517,'3.0 AMT 4WD','2018-01-01',14.7059,772706,'A7','Audi','Benzin'),(518,'2.0 MT 4WD','2014-01-01',14.7059,425810,'Q3','Audi','Benzin'),(519,'2.0 MT','2018-01-01',14.7059,638810,'TT','Audi','Benzin'),(520,'2.0 AMT','2015-01-01',14.7059,485810,'A4','Audi','Benzin'),(521,'2.0 TFSI S tronic quattro','2014-01-01',14.4928,638810,'TT','Audi','Benzin'),(522,'2.0 TFSI S tronic quattro','2014-01-01',14.4928,638810,'TT','Audi','Benzin'),(523,'2.0 TFSI S tronic quattro','2014-01-01',14.4928,598810,'A6','Audi','Benzin'),(524,'2.0 TFSI S tronic quattro','2014-01-01',14.4928,772706,'A7','Audi','Benzin'),(525,'2.0 TFSI MT quattro','2014-01-01',14.2857,456906,'S1','Audi','Benzin'),(526,'2.0 MT','2014-01-01',14.2857,638810,'TT','Audi','Benzin'),(527,'2.0 AMT 4WD','2018-01-01',14.2857,638810,'TT','Audi','Benzin'),(528,'2.0 TFSI MT quattro','2014-01-01',14.0845,638810,'TT','Audi','Benzin'),(529,'45 TFSI S tronic quattro','2016-01-01',14.0845,555810,'Q5','Audi','Benzin'),(530,'55 TFSI S tronic quattro','2018-01-01',14.0845,598810,'A6','Audi','Benzin'),(531,'40 TFSI S tronic quattro','2018-01-01',13.8889,425810,'Q3','Audi','Benzin'),(532,'60 TFSI tiptronic quattro','2017-01-01',13.8889,1023000,'A8','Audi','Benzin'),(533,'2.0 TFSI MT quattro','2014-01-01',13.6986,456906,'S1','Audi','Benzin'),(534,'2.0 TFSI MT quattro','2014-01-01',13.6986,638810,'TT','Audi','Benzin'),(535,'3.0 TFSI tiptronic quattro','2016-01-01',13.6986,1118090,'S5','Audi','Benzin'),(536,'45 TFSI S tronic quattro','2018-01-01',13.6986,425810,'Q3','Audi','Benzin'),(537,'2.0 AT 4WD','2015-01-01',13.6986,1136000,'Q7','Audi','Benzin'),(538,'2.0 AMT 4WD','2020-01-01',13.6986,680090,'S3','Audi','Benzin'),(539,'2.0 AMT 4WD','2018-01-01',13.6986,638810,'TT','Audi','Benzin'),(540,'3.0 TFSI S tronic quattro','2014-01-01',13.5135,598810,'A6','Audi','Benzin'),(541,'2.0 TFSI Tiptronic quattro','2015-01-01',13.5135,1136000,'Q7','Audi','Benzin'),(542,'2.0 AMT 4WD','2020-01-01',13.5135,680090,'S3','Audi','Benzin'),(543,'3.0 TFSI tiptronic quattro','2016-01-01',13.3333,1118090,'S5','Audi','Benzin'),(544,'45 L TFSI S tronic quattro','2018-01-01',13.3333,598810,'A6','Audi','Benzin'),(545,'3.0 TFSI S tronic quattro','2014-01-01',13.1579,598810,'A6','Audi','Benzin'),(546,'55 TFSI L tiptronic quattro','2017-01-01',12.987,1023000,'A8','Audi','Benzin'),(547,'55 TFSI tiptronic quattro','2017-01-01',12.987,1023000,'A8','Audi','Benzin'),(548,'3.0 TFSI S tronic quattro','2014-01-01',12.987,772706,'A7','Audi','Benzin'),(549,'3.0 TFSI Tiptronic quattro','2015-01-01',12.987,1136000,'Q7','Audi','Benzin'),(550,'3.0 TFSI Tiptronic quattro','2016-01-01',12.987,1118090,'S5','Audi','Benzin'),(551,'2.0 AMT 4WD','2020-01-01',12.987,675090,'SQ2','Audi','Benzin'),(552,'55 L TFSI S tronic quattro','2018-01-01',12.5,598810,'A6','Audi','Benzin'),(553,'2.8 TFSI S tronic quattro','2014-01-01',12.5,772706,'A7','Audi','Benzin'),(554,'2.8 FSI S tronic','2014-01-01',12.5,598810,'A6','Audi','Benzin'),(555,'3.0 TFSI S tronic quattro','2014-01-01',12.5,598810,'A6','Audi','Benzin'),(556,'2.8 FSI S tronic quattro','2014-01-01',12.5,598810,'A6','Audi','Benzin'),(557,'2.0 Â Â AMT','2015-01-01',12.5,485810,'A4','Audi','Benzin'),(558,'2.5 TFSI S tronic','2014-01-01',12.1951,638810,'TT','Audi','Benzin'),(559,'2.5 TFSI S tronic','2014-01-01',12.0482,638810,'TT','Audi','Benzin'),(560,'2.5 TFSI S tronic Quattro','2017-01-01',12.0482,979090,'RS 3','Audi','Benzin'),(561,'3.0 TFSI tiptronic quattro?','2017-01-01',12.0482,1023090,'SQ5','Audi','Benzin'),(562,'3.0 AT 4WD','2019-01-01',11.9048,1228090,'S6','Audi','Benzin'),(563,'2.5 TFSI S tronic quattro','2015-01-01',11.6279,979090,'RS Q3','Audi','Benzin'),(564,'2.5 AMT 4WD','2015-01-01',11.6279,979090,'RS Q3','Audi','Benzin'),(565,'2.5 AMT 4WD','2015-01-01',11.6279,979090,'RS Q3','Audi','Benzin'),(566,'2.9 TFSI tiptronic quattro','2017-01-01',11.4943,1586000,'RS 5','Audi','Benzin'),(567,'2.9 TFSI tiptronic quattro','2017-01-01',11.4943,1586000,'RS 5','Audi','Benzin'),(568,'2.9 TFSI tiptronic quattro','2017-01-01',11.3636,1350650,'RS 4','Audi','Benzin'),(569,'2.0 TFSI S tronic quattro','2014-01-01',11.1111,638810,'TT','Audi','Benzin'),(570,'2.0 TFSI S tronic quattro','2014-01-01',11.1111,638810,'TT','Audi','Benzin'),(571,'4.0 TFSI S tronic quattro','2014-01-01',10.7527,1550090,'S7','Audi','Benzin'),(572,'2.0 TFSI S tronic quattro','2014-01-01',10.6383,638810,'TT','Audi','Benzin'),(573,'4.0 TFSI Tiptronic performance quattro','2014-01-01',10.5263,2440090,'RS 7','Audi','Benzin'),(574,'4.0 TFSI tiptronic quattro','2014-01-01',10.5263,2440090,'RS 7','Audi','Benzin'),(575,'4.0 TFSI Tiptronic performance quattro','2014-01-01',10.4167,1960090,'RS 6','Audi','Benzin'),(576,'4.0 TFSI Tiptronic quattro','2014-01-01',10.4167,1960090,'RS 6','Audi','Benzin'),(577,'4.2 FSI S tronic quattro','2012-01-01',9.52381,1586000,'RS 5','Audi','Benzin'),(578,'4.2 FSI S tronic quattro','2012-01-01',9.34579,1586000,'RS 5','Audi','Benzin'),(579,'4.2 FSI S tronic quattro','2012-01-01',9.34579,1350650,'RS 4','Audi','Benzin'),(580,'2.5 TFSI S tronic','2014-01-01',9.34579,638810,'TT','Audi','Benzin'),(581,'60 TFSI L tiptronic quattro','2017-01-01',9.09091,1023000,'A8','Audi','Benzin'),(582,'5.2 FSI quattro S tronic V10','2015-01-01',8.77193,4140000,'R8','Audi','Benzin'),(583,'5.2 FSI quattro S tronic','2015-01-01',8.54701,4140000,'R8','Audi','Benzin'),(584,'5.2 AMT 4WD','2015-01-01',8.54701,4140000,'R8','Audi','Benzin'),(585,'4.0 AT 4WD','2019-01-01',8.26446,2650090,'RS Q8','Audi','Benzin'),(586,'5.2 FSI quattro S tronic V10 plus','2015-01-01',8.13008,4140000,'R8','Audi','Benzin'),(587,'5.2 FSI quattro plus S tronic','2015-01-01',8,4140000,'R8','Audi','Benzin'),(588,'5.2 AMT','2015-01-01',7.93651,4140000,'R8','Audi','Benzin'),(589,'V10 quattro S tronic','2015-01-01',7.63359,4140000,'R8','Audi','Benzin'),(590,'V10 quattro S tronic','2015-01-01',7.24638,4140000,'R8','Audi','Benzin'),(591,'V10 S tronic quattro plus','2015-01-01',7.24638,4140000,'R8','Audi','Benzin'),(592,'4.0 V8 , 8 automatic Tiptronic','2019-01-01',8.54701,1960090,'RS 6','Audi','Benzin'),(593,'4.0 V8 TFSI','2019-01-01',10.5263,2440090,'RS 7','Audi','Benzin'),(594,'2.5, robot, all-wheel drive (4WD)','2015-01-01',11.6279,979090,'RS Q3','Audi','Benzin'),(595,'118i Steptronic','2015-01-01',20.8333,417584,'1 Series','BMW','Benzin'),(596,'118i MT','2019-01-01',20,417584,'1 Series','BMW','Benzin'),(597,'118i Steptronic','2019-01-01',20,417584,'1 Series','BMW','Benzin'),(598,'318i Steptronic','2015-01-01',20,526127,'3 Series','BMW','Benzin'),(599,'218i MT','2017-01-01',19.6078,440820,'2 Series','BMW','Benzin'),(600,'218i Steptronic','2017-01-01',19.6078,440820,'2 Series','BMW','Benzin'),(601,'318i MT','2015-01-01',19.6078,526127,'3 Series','BMW','Benzin'),(602,'218i Steptronic','2017-01-01',18.8679,440820,'2 Series','BMW','Benzin'),(603,'320i Steptronic','2015-01-01',18.8679,526127,'3 Series','BMW','Benzin'),(604,'120i Steptronic','2015-01-01',18.1818,417584,'1 Series','BMW','Benzin'),(605,'218i MT','2017-01-01',18.1818,440820,'2 Series','BMW','Benzin'),(606,'320i MT','2015-01-01',18.1818,526127,'3 Series','BMW','Benzin'),(607,'420i Steptronic','2017-01-01',18.1818,623275,'4 Series','BMW','Benzin'),(608,'420i Steptronic','2017-01-01',18.1818,623275,'4 Series','BMW','Benzin'),(609,'430i Steptronic','2017-01-01',18.1818,623275,'4 Series','BMW','Benzin'),(610,'320i Steptronic','2018-01-01',18.1818,526127,'3 Series','BMW','Benzin'),(611,'530i Steptronic','2016-01-01',18.1818,548326,'5 Series','BMW','Benzin'),(612,'118i Steptronic','2017-01-01',18.1818,417584,'1 Series','BMW','Benzin'),(613,'120i Steptronic','2015-01-01',17.8571,417584,'1 Series','BMW','Benzin'),(614,'730i Steptronic','2015-01-01',17.5439,1548000,'7 Series','BMW','Benzin'),(615,'120i MT','2015-01-01',17.5439,417584,'1 Series','BMW','Benzin'),(616,'120i MT','2015-01-01',17.5439,417584,'1 Series','BMW','Benzin'),(617,'120i MT','2015-01-01',17.5439,417584,'1 Series','BMW','Benzin'),(618,'230i Steptronic','2017-01-01',17.5439,440820,'2 Series','BMW','Benzin'),(619,'125i Steptronic','2015-01-01',17.5439,417584,'1 Series','BMW','Benzin'),(620,'125i Steptronic','2015-01-01',17.5439,417584,'1 Series','BMW','Benzin'),(621,'320i xDrive Steptronic','2015-01-01',17.5439,526127,'3 Series','BMW','Benzin'),(622,'420i Steptronic','2017-01-01',17.2414,623275,'4 Series','BMW','Benzin'),(623,'420i MT','2017-01-01',17.2414,623275,'4 Series','BMW','Benzin'),(624,'330i Steptronic','2018-01-01',17.2414,526127,'3 Series','BMW','Benzin'),(625,'318i Steptronic','2015-01-01',17.2414,526127,'3 Series','BMW','Benzin'),(626,'530i Steptronic','2016-01-01',17.2414,548326,'5 Series','BMW','Benzin'),(627,'120i Steptronic','2015-01-01',16.9492,417584,'1 Series','BMW','Benzin'),(628,'430i Steptronic','2017-01-01',16.9492,623275,'4 Series','BMW','Benzin'),(629,'430i Steptronic','2017-01-01',16.9492,623275,'4 Series','BMW','Benzin'),(630,'320i Steptronic','2015-01-01',16.9492,526127,'3 Series','BMW','Benzin'),(631,'420i xDrive Steptronic','2017-01-01',16.9492,623275,'4 Series','BMW','Benzin'),(632,'420i xDrive Steptronic','2017-01-01',16.9492,623275,'4 Series','BMW','Benzin'),(633,'430i xDrive Steptronic','2017-01-01',16.9492,623275,'4 Series','BMW','Benzin'),(634,'430i xDrive Steptronic','2017-01-01',16.9492,623275,'4 Series','BMW','Benzin'),(635,'330i xDrive Steptronic','2015-01-01',16.9492,526127,'3 Series','BMW','Benzin'),(636,'318i MT','2015-01-01',16.9492,526127,'3 Series','BMW','Benzin'),(637,'330i Steptronic','2015-01-01',16.9492,526127,'3 Series','BMW','Benzin'),(638,'230i Steptronic','2017-01-01',16.6667,440820,'2 Series','BMW','Benzin'),(639,'330i Steptronic','2018-01-01',16.6667,526127,'3 Series','BMW','Benzin'),(640,'530i xDrive Steptronic','2016-01-01',16.6667,548326,'5 Series','BMW','Benzin'),(641,'430i MT','2017-01-01',16.3934,623275,'4 Series','BMW','Benzin'),(642,'430i MT','2017-01-01',16.3934,623275,'4 Series','BMW','Benzin'),(643,'330i Steptronic','2015-01-01',16.3934,526127,'3 Series','BMW','Benzin'),(644,'320i MT','2015-01-01',16.3934,526127,'3 Series','BMW','Benzin'),(645,'2.0 AT','2020-01-01',16.3934,623275,'4 Series','BMW','Benzin'),(646,'220i Steptronic','2017-01-01',16.129,440820,'2 Series','BMW','Benzin'),(647,'420i MT','2017-01-01',16.129,623275,'4 Series','BMW','Benzin'),(648,'320i Steptronic','2015-01-01',16.129,526127,'3 Series','BMW','Benzin'),(649,'630i Steptronic','2017-01-01',16.129,400000,'6 Series','BMW','Benzin'),(650,'520i Steptronic','2016-01-01',16.129,548326,'5 Series','BMW','Benzin'),(651,'120i Steptronic','2017-01-01',16.129,417584,'1 Series','BMW','Benzin'),(652,'125i Steptronic','2015-01-01',15.873,417584,'1 Series','BMW','Benzin'),(653,'125i Steptronic','2015-01-01',15.873,417584,'1 Series','BMW','Benzin'),(654,'340i xDrive Steptronic','2015-01-01',15.873,526127,'3 Series','BMW','Benzin'),(655,'320i MT','2015-01-01',15.873,526127,'3 Series','BMW','Benzin'),(656,'330i xDrive Steptronic','2015-01-01',15.873,526127,'3 Series','BMW','Benzin'),(657,'330i Steptronic xDrive','2018-01-01',15.873,526127,'3 Series','BMW','Benzin'),(658,'430i xDrive Steptronic','2017-01-01',15.625,623275,'4 Series','BMW','Benzin'),(659,'430i xDrive Steptronic','2017-01-01',15.625,623275,'4 Series','BMW','Benzin'),(660,'320i xDrive MT','2015-01-01',15.625,526127,'3 Series','BMW','Benzin'),(661,'125i Steptronic','2017-01-01',15.625,417584,'1 Series','BMW','Benzin'),(662,'2.0 AT','2020-01-01',15.625,623275,'4 Series','BMW','Benzin'),(663,'340i Steptronic','2015-01-01',15.3846,526127,'3 Series','BMW','Benzin'),(664,'320i xDrive Steptronic','2015-01-01',15.3846,526127,'3 Series','BMW','Benzin'),(665,'330i xDrive Steptronic','2015-01-01',15.3846,526127,'3 Series','BMW','Benzin'),(666,'540i Steptronic','2016-01-01',15.3846,548326,'5 Series','BMW','Benzin'),(667,'530i xDrive Steptronic','2016-01-01',15.3846,548326,'5 Series','BMW','Benzin'),(668,'125i MT','2015-01-01',15.1515,417584,'1 Series','BMW','Benzin'),(669,'125i MT','2015-01-01',15.1515,417584,'1 Series','BMW','Benzin'),(670,'430i MT','2017-01-01',15.1515,623275,'4 Series','BMW','Benzin'),(671,'440i Steptronic','2017-01-01',15.1515,623275,'4 Series','BMW','Benzin'),(672,'440i Steptronic','2017-01-01',15.1515,623275,'4 Series','BMW','Benzin'),(673,'420i xDrive MT','2017-01-01',15.1515,623275,'4 Series','BMW','Benzin'),(674,'320i xDrive Steptronic','2015-01-01',15.1515,526127,'3 Series','BMW','Benzin'),(675,'420i xDrive MT','2017-01-01',15.1515,623275,'4 Series','BMW','Benzin'),(676,'330i MT','2015-01-01',14.9254,526127,'3 Series','BMW','Benzin'),(677,'320i xDrive MT','2015-01-01',14.9254,526127,'3 Series','BMW','Benzin'),(678,'530i xDrive Steptronic','2016-01-01',14.9254,548326,'5 Series','BMW','Benzin'),(679,'M135i Steptronic xDrive','2019-01-01',14.7059,417584,'1 Series','BMW','Benzin'),(680,'440i Steptronic','2017-01-01',14.7059,623275,'4 Series','BMW','Benzin'),(681,'320i Steptronic xDrive','2018-01-01',14.7059,526127,'3 Series','BMW','Benzin'),(682,'340i xDrive Steptronic','2015-01-01',14.4928,526127,'3 Series','BMW','Benzin'),(683,'340i Steptronic','2015-01-01',14.2857,526127,'3 Series','BMW','Benzin'),(684,'M340i Steptronic xDrive','2018-01-01',14.2857,526127,'3 Series','BMW','Benzin'),(685,'340i Steptronic','2015-01-01',14.2857,526127,'3 Series','BMW','Benzin'),(686,'640i Steptronic','2017-01-01',14.2857,400000,'6 Series','BMW','Benzin'),(687,'740Li xDrive Steptronic','2015-01-01',14.2857,1548000,'7 Series','BMW','Benzin'),(688,'630i Steptronic','2017-01-01',14.2857,400000,'6 Series','BMW','Benzin'),(689,'730i Steptronic','2019-01-01',14.2857,1548000,'7 Series','BMW','Benzin'),(690,'M240i Steptronic','2017-01-01',14.0845,440820,'2 Series','BMW','Benzin'),(691,'M140i Steptronic','2015-01-01',14.0845,417584,'1 Series','BMW','Benzin'),(692,'M140i Steptronic','2015-01-01',14.0845,417584,'1 Series','BMW','Benzin'),(693,'440i xDrive Steptronic','2017-01-01',14.0845,623275,'4 Series','BMW','Benzin'),(694,'330i Steptronic xDrive','2018-01-01',14.0845,526127,'3 Series','BMW','Benzin'),(695,'840i Steptronic','2018-01-01',13.8889,1549900,'8 Series','BMW','Benzin'),(696,'840i Steptronic','2018-01-01',13.8889,1549900,'8 Series','BMW','Benzin'),(697,'440i xDrive Steptronic','2017-01-01',13.6986,623275,'4 Series','BMW','Benzin'),(698,'320i xDrive MT','2015-01-01',13.6986,526127,'3 Series','BMW','Benzin'),(699,'540i xDrive Steptronic','2016-01-01',13.6986,548326,'5 Series','BMW','Benzin'),(700,'M240i Steptronic','2017-01-01',13.5135,440820,'2 Series','BMW','Benzin'),(701,'M240i xDrive Steptronic','2017-01-01',13.5135,440820,'2 Series','BMW','Benzin'),(702,'M140i Steptronic xDrive','2015-01-01',13.5135,417584,'1 Series','BMW','Benzin'),(703,'M140i Steptronic xDrive','2015-01-01',13.5135,417584,'1 Series','BMW','Benzin'),(704,'440i MT','2017-01-01',13.5135,623275,'4 Series','BMW','Benzin'),(705,'340i MT','2015-01-01',13.5135,526127,'3 Series','BMW','Benzin'),(706,'840i Steptronic','2018-01-01',13.5135,1549900,'8 Series','BMW','Benzin'),(707,'3.0 AT 4WD','2020-01-01',13.5135,623275,'4 Series','BMW','Benzin'),(708,'3.0 AT 4WD','2020-01-01',13.5135,623275,'4 Series','BMW','Benzin'),(709,'M135i Steptronic','2015-01-01',13.3333,417584,'1 Series','BMW','Benzin'),(710,'M135i Steptronic','2015-01-01',13.3333,417584,'1 Series','BMW','Benzin'),(711,'840i Steptronic xDrive','2018-01-01',13.3333,1549900,'8 Series','BMW','Benzin'),(712,'840i Steptronic xDrive','2018-01-01',13.3333,1549900,'8 Series','BMW','Benzin'),(713,'340i xDrive Steptronic','2015-01-01',13.1579,526127,'3 Series','BMW','Benzin'),(714,'540i xDrive Steptronic','2016-01-01',13.1579,548326,'5 Series','BMW','Benzin'),(715,'440i xDrive Steptronic','2017-01-01',12.987,623275,'4 Series','BMW','Benzin'),(716,'440i xDrive MT','2017-01-01',12.987,623275,'4 Series','BMW','Benzin'),(717,'340i xDrive MT','2015-01-01',12.987,526127,'3 Series','BMW','Benzin'),(718,'840i Steptronic xDrive','2018-01-01',12.987,1549900,'8 Series','BMW','Benzin'),(719,'M135i Steptronic xDrive','2015-01-01',12.8205,417584,'1 Series','BMW','Benzin'),(720,'M135i Steptronic xDrive','2015-01-01',12.8205,417584,'1 Series','BMW','Benzin'),(721,'M240i MT','2017-01-01',12.8205,440820,'2 Series','BMW','Benzin'),(722,'M140i MT','2015-01-01',12.8205,417584,'1 Series','BMW','Benzin'),(723,'M140i MT','2015-01-01',12.8205,417584,'1 Series','BMW','Benzin'),(724,'M240i xDrive Steptronic','2017-01-01',12.8205,440820,'2 Series','BMW','Benzin'),(725,'M135i MT','2015-01-01',12.5,417584,'1 Series','BMW','Benzin'),(726,'M135i MT','2015-01-01',12.5,417584,'1 Series','BMW','Benzin'),(727,'750i xDrive Steptronic','2015-01-01',12.3457,1548000,'7 Series','BMW','Benzin'),(728,'M240i MT','2017-01-01',12.0482,440820,'2 Series','BMW','Benzin'),(729,'750Li xDrive Steptronic','2015-01-01',12.0482,1548000,'7 Series','BMW','Benzin'),(730,'740Li Steptronic xDrive','2019-01-01',11.9048,1548000,'7 Series','BMW','Benzin'),(731,'640i xDrive Steptronic','2017-01-01',11.7647,400000,'6 Series','BMW','Benzin'),(732,'330i xDrive MT','2015-01-01',11.1111,526127,'3 Series','BMW','Benzin'),(733,'M550i xDrive Steptronic','2016-01-01',10.5263,548326,'5 Series','BMW','Benzin'),(734,'750Li Steptronic xDrive','2019-01-01',10.5263,1548000,'7 Series','BMW','Benzin'),(735,'750i Steptronic xDrive','2019-01-01',10.5263,1548000,'7 Series','BMW','Benzin'),(736,'M850i Steptronic xDrive','2018-01-01',10.101,1549900,'8 Series','BMW','Benzin'),(737,'M850i Steptronic xDrive','2018-01-01',10.101,1549900,'8 Series','BMW','Benzin'),(738,'M850i Steptronic xDrive','2018-01-01',10,1549900,'8 Series','BMW','Benzin'),(739,'M760Li Steptronic xDrive','2019-01-01',8.06452,1548000,'7 Series','BMW','Benzin'),(740,'M760Li xDrive Steptronic','2015-01-01',7.8125,1548000,'7 Series','BMW','Benzin'),(741,'1.5 AT','2015-01-01',18.1818,417584,'1 Series','BMW','Benzin'),(742,'2.0 AT','2015-01-01',16.129,417584,'1 Series','BMW','Benzin'),(743,'2.0 AT','2015-01-01',15.625,417584,'1 Series','BMW','Benzin'),(744,'1.5 liters Â automatic transmission with an Overboost mode (+10 Nm)','2019-01-01',17.5439,417584,'1 Series','BMW','Benzin'),(745,'2.0 Â Automatic transmission, all-wheel drive xDrive','2019-01-01',14.0845,417584,'1 Series','BMW','Benzin'),(746,'2.0 Â Automatic transmission, RWD','2015-01-01',15.625,526127,'3 Series','BMW','Benzin'),(747,'2.0 AT','2015-01-01',16.3934,526127,'3 Series','BMW','Benzin'),(748,'2.0 AT 4WD','2015-01-01',15.1515,526127,'3 Series','BMW','Benzin'),(749,'2.0 MT','2015-01-01',15.625,526127,'3 Series','BMW','Benzin'),(750,'2.0 MT 4WD','2015-01-01',14.0845,526127,'3 Series','BMW','Benzin'),(751,'3.0 AT','2015-01-01',13.6986,526127,'3 Series','BMW','Benzin'),(752,'3.0 AT 4WD','2015-01-01',12.987,526127,'3 Series','BMW','Benzin'),(753,'1.5 AT','2015-01-01',18.5185,526127,'3 Series','BMW','Benzin'),(754,'1.5 MT','2015-01-01',18.1818,526127,'3 Series','BMW','Benzin'),(755,'2.0 AT 4WD','2015-01-01',16.3934,526127,'3 Series','BMW','Benzin'),(756,'3.0 MT','2015-01-01',12.987,526127,'3 Series','BMW','Benzin'),(757,'3.0 MT 4WD','2015-01-01',12.6582,526127,'3 Series','BMW','Benzin'),(758,'1.5 AT','2015-01-01',17.2414,526127,'3 Series','BMW','Benzin'),(759,'1.5 MT','2015-01-01',16.9492,526127,'3 Series','BMW','Benzin'),(760,'2.0 AT 4WD','2015-01-01',15.3846,526127,'3 Series','BMW','Benzin'),(761,'3.0 AT 4WD','2015-01-01',13.1579,526127,'3 Series','BMW','Benzin'),(762,'2.0 AT','2020-01-01',17.2414,623275,'4 Series','BMW','Benzin'),(763,'3.0 AT 4WD','2020-01-01',14.0845,623275,'4 Series','BMW','Benzin'),(764,'2.0 AT','2020-01-01',16.129,548326,'5 Series','BMW','Benzin'),(765,'4.4 AT 4WD','2020-01-01',11.236,548326,'5 Series','BMW','Benzin'),(766,'2.0 AT','2020-01-01',15.873,548326,'5 Series','BMW','Benzin'),(776,'0.9 TwinAir Turbo MT','2012-01-01',20.8333,183970,'500L','Fiat','Benzin'),(777,'0.9 MT','2012-01-01',20.8333,183970,'500L','Fiat','Benzin'),(778,'55 TFSI Tiptronic quattro','2018-01-01',38.4615,1271000,'Q8','Audi','Benzin'),(779,'1.0 TFSI MT','2014-01-01',23.8095,237810,'A1','Audi','Benzin'),(780,'1.0 TFSI S-Tronic','2014-01-01',22.7273,237810,'A1','Audi','Benzin'),(781,'1.0 TFSI S-tronic','2014-01-01',22.7273,237810,'A1','Audi','Benzin'),(782,'1.4 TFSI MT','2016-01-01',22.2222,312810,'A3','Audi','Benzin'),(783,'1.0 TFSI MT','2016-01-01',22.2222,312810,'A3','Audi','Benzin'),(784,'1.0 TFSI MT','2016-01-01',22.2222,312810,'A3','Audi','Benzin'),(785,'1.0 TFSI S-tronic','2016-01-01',22.2222,312810,'A3','Audi','Benzin'),(786,'1.0 TFSI S-tronic','2016-01-01',22.2222,312810,'A3','Audi','Benzin'),(787,'25 TFSI MT','2018-01-01',21.7391,237810,'A1','Audi','Benzin'),(788,'1.4 TFSI MT','2014-01-01',21.2766,237810,'A1','Audi','Benzin'),(789,'1.4 TFSI S-Tronic','2014-01-01',21.2766,237810,'A1','Audi','Benzin'),(790,'1.4 TFSI MT','2016-01-01',21.2766,312810,'A3','Audi','Benzin'),(791,'1.0 MT','2018-01-01',21.2766,237810,'A1','Audi','Benzin'),(792,'30 TFSI MT','2018-01-01',20.8333,237810,'A1','Audi','Benzin'),(793,'30 TFSI S tronic','2018-01-01',20.8333,237810,'A1','Audi','Benzin'),(794,'1.4 TFSI MT','2016-01-01',20.8333,312810,'A3','Audi','Benzin'),(795,'1.4 TFSI S-tronic','2016-01-01',20.8333,312810,'A3','Audi','Benzin'),(796,'2.0 TFSI S tronic','2015-01-01',20.8333,485810,'A4','Audi','Benzin'),(797,'1.4 TFSI MT','2014-01-01',20.4082,237810,'A1','Audi','Benzin'),(798,'1.4 TFSI S-Tronic','2014-01-01',20.4082,237810,'A1','Audi','Benzin'),(799,'1.4 TFSI S tronic','2016-01-01',20.4082,312810,'A3','Audi','Benzin'),(800,'1.0 AMT','2018-01-01',20.4082,237810,'A1','Audi','Benzin'),(801,'1.0 MT','2018-01-01',20.4082,237810,'A1','Audi','Benzin'),(802,'1.5 AMT','2020-01-01',20.4082,312810,'A3','Audi','Benzin'),(803,'35 TFSI S tronic','2018-01-01',20,237810,'A1','Audi','Benzin'),(804,'1.5 AMT','2020-01-01',20,312810,'A3','Audi','Benzin'),(805,'1.5 MT','2020-01-01',20,312810,'A3','Audi','Benzin'),(806,'2.0 AMT','2015-01-01',20,485810,'A4','Audi','Benzin'),(807,'1.4 TFSI MT','2014-01-01',19.6078,237810,'A1','Audi','Benzin'),(808,'1.4 g-tron S-tronic','2016-01-01',19.6078,312810,'A3','Audi','Benzin'),(809,'1.4 TFSI S tronic','2016-01-01',19.6078,312810,'A3','Audi','Benzin'),(810,'1.0 TFSI MT','2016-01-01',19.6078,307810,'Q2','Audi','Benzin'),(811,'2.0 TFSI S tronic','2015-01-01',19.6078,485810,'A4','Audi','Benzin'),(812,'1.0 TFSI S tronic','2016-01-01',19.6078,307810,'Q2','Audi','Benzin'),(813,'1.5 AMT','2018-01-01',19.6078,237810,'A1','Audi','Benzin'),(814,'1.5 MT','2020-01-01',19.6078,312810,'A3','Audi','Benzin'),(815,'1.4 g-tron MT','2016-01-01',19.2308,312810,'A3','Audi','Benzin'),(816,'1.4 TFSI S tronic','2016-01-01',19.2308,307810,'Q2','Audi','Benzin'),(817,'1.4 AMT','2015-01-01',19.2308,485810,'A4','Audi','Benzin'),(818,'1.4 TFSI MT','2016-01-01',18.8679,312810,'A3','Audi','Benzin'),(819,'1.4 TFSI MT','2015-01-01',18.8679,485810,'A4','Audi','Benzin'),(820,'1.4 TFSI MT','2015-01-01',18.8679,485810,'A4','Audi','Benzin'),(821,'1.4 TFSI S tronic','2015-01-01',18.8679,485810,'A4','Audi','Benzin'),(822,'1.4 MT','2015-01-01',18.8679,485810,'A4','Audi','Benzin'),(823,'1.5 AMT','2020-01-01',18.8679,307810,'Q2','Audi','Benzin'),(824,'1.4 TFSI S tronic','2015-01-01',18.5185,485810,'A4','Audi','Benzin'),(825,'2.0 TFSI S tronic','2016-01-01',18.5185,547810,'A5','Audi','Benzin'),(826,'1.0 AMT','2020-01-01',18.5185,307810,'Q2','Audi','Benzin'),(827,'1.0 MT','2020-01-01',18.5185,307810,'Q2','Audi','Benzin'),(828,'1.5 MT','2020-01-01',18.5185,307810,'Q2','Audi','Benzin'),(829,'2.0 TFSI MT','2016-01-01',18.1818,312810,'A3','Audi','Benzin'),(830,'1.4 TFSI MT','2016-01-01',18.1818,307810,'Q2','Audi','Benzin'),(831,'2.0 TFSI MT','2015-01-01',18.1818,485810,'A4','Audi','Benzin'),(832,'1.4 MT','2014-01-01',18.1818,425810,'Q3','Audi','Benzin'),(833,'2.0 Â robot','2019-01-01',18.1818,445810,'Q3 Sportback','Audi','Benzin'),(834,'2.0 (230 l.c.) robot','2019-01-01',18.1818,445810,'Q3 Sportback','Audi','Benzin'),(835,'1.8 TFSI S-Tronic','2014-01-01',17.8571,237810,'A1','Audi','Benzin'),(836,'2.0 TFSI MT','2016-01-01',17.8571,312810,'A3','Audi','Benzin'),(837,'2.0 TFSI S-tronic','2016-01-01',17.8571,312810,'A3','Audi','Benzin'),(838,'2.0 TFSI MT','2015-01-01',17.8571,485810,'A4','Audi','Benzin'),(839,'3.0 AT 4WD','2017-01-01',17.8571,1023000,'A8','Audi','Benzin'),(840,'4.0 AT 4WD','2017-01-01',17.8571,1023000,'A8','Audi','Benzin'),(841,'2.0 TFSI S-tronic','2016-01-01',17.5439,312810,'A3','Audi','Benzin'),(842,'2.0 TFSI S-tronic quattro','2016-01-01',17.5439,312810,'A3','Audi','Benzin'),(843,'2.0 TFSI S tronic','2015-01-01',17.5439,485810,'A4','Audi','Benzin'),(844,'2.0 TFSI S-tronic quattro','2016-01-01',17.5439,312810,'A3','Audi','Benzin'),(845,'35 TFSI S tronic','2018-01-01',17.5439,425810,'Q3','Audi','Benzin'),(846,'1.8 TFSI S tronic','2014-01-01',17.5439,598810,'A6','Audi','Benzin'),(847,'1.8 AMT','2014-01-01',17.5439,638810,'TT','Audi','Benzin'),(848,'2.0 TFSI S tronic','2016-01-01',17.2414,312810,'A3','Audi','Benzin'),(849,'1.8 TFSI S tronic','2014-01-01',17.2414,638810,'TT','Audi','Benzin'),(850,'2.0 TFSI S-tronic quattro','2016-01-01',17.2414,312810,'A3','Audi','Benzin'),(851,'1.4 TFSI MT','2014-01-01',17.2414,425810,'Q3','Audi','Benzin'),(852,'1.8 TFSI S tronic','2014-01-01',17.2414,772706,'A7','Audi','Benzin'),(853,'1.4 AMT','2014-01-01',17.2414,425810,'Q3','Audi','Benzin'),(854,'1.8 MT','2014-01-01',17.2414,638810,'TT','Audi','Benzin'),(855,'1.8 AMT','2014-01-01',17.2414,638810,'TT','Audi','Benzin'),(856,'1.8 TFSI MT','2014-01-01',16.9492,638810,'TT','Audi','Benzin'),(857,'2.0 TFSI S tronic quattro','2016-01-01',16.9492,312810,'A3','Audi','Benzin'),(858,'2.0 TFSI MT','2014-01-01',16.9492,638810,'TT','Audi','Benzin'),(859,'1.8 TFSI S tronic','2014-01-01',16.9492,638810,'TT','Audi','Benzin'),(860,'2.0 TFSI S tronic quattro','2015-01-01',16.9492,485810,'A4','Audi','Benzin'),(861,'2.0 TFSI MT','2016-01-01',16.9492,547810,'A5','Audi','Benzin'),(862,'2.0 TFSI S tronic','2016-01-01',16.9492,547810,'A5','Audi','Benzin'),(863,'1.8 TFSI MT','2014-01-01',16.9492,598810,'A6','Audi','Benzin'),(864,'2.0 TFSI S tronic','2014-01-01',16.9492,598810,'A6','Audi','Benzin'),(865,'2.0 TFSI S tronic quattro','2014-01-01',16.9492,598810,'A6','Audi','Benzin'),(866,'1.8 TFSI S tronic','2014-01-01',16.9492,598810,'A6','Audi','Benzin'),(867,'2.0 TFSI S tronic','2015-01-01',16.9492,485810,'A4','Audi','Benzin'),(868,'2.0 MT','2014-01-01',16.9492,638810,'TT','Audi','Benzin'),(869,'1.8 MT','2014-01-01',16.9492,638810,'TT','Audi','Benzin'),(870,'40 TFSI S tronic','2018-01-01',16.6667,237810,'A1','Audi','Benzin'),(871,'1.8 TFSI MT','2014-01-01',16.6667,638810,'TT','Audi','Benzin'),(872,'2.0 TFSI S tronic','2015-01-01',16.6667,485810,'A4','Audi','Benzin'),(873,'35 TFSI MT','2018-01-01',16.6667,425810,'Q3','Audi','Benzin'),(874,'45 TFSI S tronic','2018-01-01',16.6667,598810,'A6','Audi','Benzin'),(875,'1.4 TFSI S tronic','2014-01-01',16.6667,425810,'Q3','Audi','Benzin'),(876,'2.0 AMT','2018-01-01',16.6667,237810,'A1','Audi','Benzin'),(877,'2.0 TFSI Quattro S tronic','2016-01-01',16.3934,307810,'Q2','Audi','Benzin'),(878,'2.0 TFSI S tronic quattro','2015-01-01',16.3934,485810,'A4','Audi','Benzin'),(879,'2.0 TFSI S tronic','2015-01-01',16.3934,485810,'A4','Audi','Benzin'),(880,'2.0 AMT 4WD','2015-01-01',16.3934,485810,'A4','Audi','Benzin'),(881,'2.0 AMT','2018-01-01',16.3934,638810,'TT','Audi','Benzin'),(882,'2.0 TFSI MT','2014-01-01',16.129,638810,'TT','Audi','Benzin'),(883,'2.0 TFSI S tronic','2016-01-01',16.129,547810,'A5','Audi','Benzin'),(884,'2.0 TFSI S tronic quattro','2016-01-01',16.129,547810,'A5','Audi','Benzin'),(885,'45 TFSI S tronic','2017-01-01',16.129,772706,'A7','Audi','Benzin'),(886,'1.8 TFSI MT','2014-01-01',16.129,598810,'A6','Audi','Benzin'),(887,'2.0 TFSI S tronic quattro','2016-01-01',15.873,547810,'A5','Audi','Benzin'),(888,'2.0 TFSI S tronic quattro','2016-01-01',15.873,547810,'A5','Audi','Benzin'),(889,'45 TFSI S tronic','2018-01-01',15.873,598810,'A6','Audi','Benzin'),(890,'2.0 TFSI MT','2015-01-01',15.873,485810,'A4','Audi','Benzin'),(891,'2.0 AMT','2018-01-01',15.873,638810,'TT','Audi','Benzin'),(892,'3.0 AT Â 4WD','2015-01-01',15.873,1136000,'Q7','Audi','Benzin'),(893,'2.0 TFSI S tronic','2014-01-01',15.625,638810,'TT','Audi','Benzin'),(894,'45 TFSI S tronic quattro','2017-01-01',15.625,772706,'A7','Audi','Benzin'),(895,'2.0 AMT 4WD','2014-01-01',15.625,638810,'TT','Audi','Benzin'),(896,'2.0 TFSI S tronic quattro','2014-01-01',15.3846,638810,'TT','Audi','Benzin'),(897,'2.0 TFSI quattro S tronic','2015-01-01',15.3846,485810,'A4','Audi','Benzin'),(898,'45 TFSI S tronic quattro','2018-01-01',15.3846,598810,'A6','Audi','Benzin'),(899,'2.0 TFSI S tronic quattro','2014-01-01',15.3846,425810,'Q3','Audi','Benzin'),(900,'2.0 AMT 4WD','2014-01-01',15.3846,425810,'Q3','Audi','Benzin'),(901,'2.0 AMT','2018-01-01',15.3846,638810,'TT','Audi','Benzin'),(902,'2.0 AMT 4WD','2020-01-01',15.1515,307810,'Q2','Audi','Benzin'),(903,'2.0 AMT 4WD','2014-01-01',15.1515,425810,'Q3','Audi','Benzin'),(904,'2.0 MT','2018-01-01',15.1515,638810,'TT','Audi','Benzin'),(905,'2.0 TFSI S tronic','2014-01-01',14.9254,638810,'TT','Audi','Benzin'),(906,'2.0 TFSI S tronic quattro','2014-01-01',14.9254,598810,'A6','Audi','Benzin'),(907,'2.0 TFSI S tronic quattro','2014-01-01',14.9254,425810,'Q3','Audi','Benzin'),(908,'55 TFSI S tronic quattro','2018-01-01',14.9254,598810,'A6','Audi','Benzin'),(909,'2.0 MT 4WD','2015-01-01',14.9254,485810,'A4','Audi','Benzin'),(910,'2.0 AMT 4WD','2018-01-01',14.9254,772706,'A7','Audi','Benzin'),(911,'2.0 AMT 4WD','2014-01-01',14.9254,638810,'TT','Audi','Benzin'),(912,'2.0 AMT','2018-01-01',14.9254,638810,'TT','Audi','Benzin'),(913,'2.0 TFSI S tronic quattro','2014-01-01',14.7059,638810,'TT','Audi','Benzin'),(914,'55 TFSI S tronic quattro','2017-01-01',14.7059,772706,'A7','Audi','Benzin'),(915,'40 L TFSI S tronic','2018-01-01',14.7059,598810,'A6','Audi','Benzin'),(916,'45 L TFSI S tronic','2018-01-01',14.7059,598810,'A6','Audi','Benzin'),(917,'2.0 TFSI S tronic quattro','2016-01-01',14.7059,555810,'Q5','Audi','Benzin'),(918,'45 TFSI S tronic quattro','2016-01-01',14.7059,555810,'Q5','Audi','Benzin'),(919,'2.0 AMT 4WD','2019-01-01',14.7059,485810,'A4 allroad','Audi','Benzin'),(920,'3.0 AMT 4WD','2018-01-01',14.7059,772706,'A7','Audi','Benzin'),(921,'2.0 MT 4WD','2014-01-01',14.7059,425810,'Q3','Audi','Benzin'),(922,'2.0 MT','2018-01-01',14.7059,638810,'TT','Audi','Benzin'),(923,'2.0 AMT','2015-01-01',14.7059,485810,'A4','Audi','Benzin'),(924,'2.0 TFSI S tronic quattro','2014-01-01',14.4928,638810,'TT','Audi','Benzin'),(925,'2.0 TFSI S tronic quattro','2014-01-01',14.4928,638810,'TT','Audi','Benzin'),(926,'2.0 TFSI S tronic quattro','2014-01-01',14.4928,598810,'A6','Audi','Benzin'),(927,'2.0 TFSI S tronic quattro','2014-01-01',14.4928,772706,'A7','Audi','Benzin'),(928,'2.0 TFSI MT quattro','2014-01-01',14.2857,456906,'S1','Audi','Benzin'),(929,'2.0 MT','2014-01-01',14.2857,638810,'TT','Audi','Benzin'),(930,'2.0 AMT 4WD','2018-01-01',14.2857,638810,'TT','Audi','Benzin'),(931,'2.0 TFSI MT quattro','2014-01-01',14.0845,638810,'TT','Audi','Benzin'),(932,'45 TFSI S tronic quattro','2016-01-01',14.0845,555810,'Q5','Audi','Benzin'),(933,'55 TFSI S tronic quattro','2018-01-01',14.0845,598810,'A6','Audi','Benzin'),(934,'40 TFSI S tronic quattro','2018-01-01',13.8889,425810,'Q3','Audi','Benzin'),(935,'60 TFSI tiptronic quattro','2017-01-01',13.8889,1023000,'A8','Audi','Benzin'),(936,'2.0 TFSI MT quattro','2014-01-01',13.6986,456906,'S1','Audi','Benzin'),(937,'2.0 TFSI MT quattro','2014-01-01',13.6986,638810,'TT','Audi','Benzin'),(938,'3.0 TFSI tiptronic quattro','2016-01-01',13.6986,1118090,'S5','Audi','Benzin'),(939,'45 TFSI S tronic quattro','2018-01-01',13.6986,425810,'Q3','Audi','Benzin'),(940,'2.0 AT 4WD','2015-01-01',13.6986,1136000,'Q7','Audi','Benzin'),(941,'2.0 AMT 4WD','2020-01-01',13.6986,680090,'S3','Audi','Benzin'),(942,'2.0 AMT 4WD','2018-01-01',13.6986,638810,'TT','Audi','Benzin'),(943,'3.0 TFSI S tronic quattro','2014-01-01',13.5135,598810,'A6','Audi','Benzin'),(944,'2.0 TFSI Tiptronic quattro','2015-01-01',13.5135,1136000,'Q7','Audi','Benzin'),(945,'2.0 AMT 4WD','2020-01-01',13.5135,680090,'S3','Audi','Benzin'),(946,'3.0 TFSI tiptronic quattro','2016-01-01',13.3333,1118090,'S5','Audi','Benzin'),(947,'45 L TFSI S tronic quattro','2018-01-01',13.3333,598810,'A6','Audi','Benzin'),(948,'3.0 TFSI S tronic quattro','2014-01-01',13.1579,598810,'A6','Audi','Benzin'),(949,'55 TFSI L tiptronic quattro','2017-01-01',12.987,1023000,'A8','Audi','Benzin'),(950,'55 TFSI tiptronic quattro','2017-01-01',12.987,1023000,'A8','Audi','Benzin'),(951,'3.0 TFSI S tronic quattro','2014-01-01',12.987,772706,'A7','Audi','Benzin'),(952,'3.0 TFSI Tiptronic quattro','2015-01-01',12.987,1136000,'Q7','Audi','Benzin'),(953,'3.0 TFSI Tiptronic quattro','2016-01-01',12.987,1118090,'S5','Audi','Benzin'),(954,'2.0 AMT 4WD','2020-01-01',12.987,675090,'SQ2','Audi','Benzin'),(955,'55 L TFSI S tronic quattro','2018-01-01',12.5,598810,'A6','Audi','Benzin'),(956,'2.8 TFSI S tronic quattro','2014-01-01',12.5,772706,'A7','Audi','Benzin'),(957,'2.8 FSI S tronic','2014-01-01',12.5,598810,'A6','Audi','Benzin'),(958,'3.0 TFSI S tronic quattro','2014-01-01',12.5,598810,'A6','Audi','Benzin'),(959,'2.8 FSI S tronic quattro','2014-01-01',12.5,598810,'A6','Audi','Benzin'),(960,'2.0 Â Â AMT','2015-01-01',12.5,485810,'A4','Audi','Benzin'),(961,'2.5 TFSI S tronic','2014-01-01',12.1951,638810,'TT','Audi','Benzin'),(962,'2.5 TFSI S tronic','2014-01-01',12.0482,638810,'TT','Audi','Benzin'),(963,'2.5 TFSI S tronic Quattro','2017-01-01',12.0482,979090,'RS 3','Audi','Benzin'),(964,'3.0 TFSI tiptronic quattro?','2017-01-01',12.0482,1023090,'SQ5','Audi','Benzin'),(965,'3.0 AT 4WD','2019-01-01',11.9048,1228090,'S6','Audi','Benzin'),(966,'2.5 TFSI S tronic quattro','2015-01-01',11.6279,979090,'RS Q3','Audi','Benzin'),(967,'2.5 AMT 4WD','2015-01-01',11.6279,979090,'RS Q3','Audi','Benzin'),(968,'2.5 AMT 4WD','2015-01-01',11.6279,979090,'RS Q3','Audi','Benzin'),(969,'2.9 TFSI tiptronic quattro','2017-01-01',11.4943,1586000,'RS 5','Audi','Benzin'),(970,'2.9 TFSI tiptronic quattro','2017-01-01',11.4943,1586000,'RS 5','Audi','Benzin'),(971,'2.9 TFSI tiptronic quattro','2017-01-01',11.3636,1350650,'RS 4','Audi','Benzin'),(972,'2.0 TFSI S tronic quattro','2014-01-01',11.1111,638810,'TT','Audi','Benzin'),(973,'2.0 TFSI S tronic quattro','2014-01-01',11.1111,638810,'TT','Audi','Benzin'),(974,'4.0 TFSI S tronic quattro','2014-01-01',10.7527,1550090,'S7','Audi','Benzin'),(975,'2.0 TFSI S tronic quattro','2014-01-01',10.6383,638810,'TT','Audi','Benzin'),(976,'4.0 TFSI Tiptronic performance quattro','2014-01-01',10.5263,2440090,'RS 7','Audi','Benzin'),(977,'4.0 TFSI tiptronic quattro','2014-01-01',10.5263,2440090,'RS 7','Audi','Benzin'),(978,'4.0 TFSI Tiptronic performance quattro','2014-01-01',10.4167,1960090,'RS 6','Audi','Benzin'),(979,'4.0 TFSI Tiptronic quattro','2014-01-01',10.4167,1960090,'RS 6','Audi','Benzin'),(980,'4.2 FSI S tronic quattro','2012-01-01',9.52381,1586000,'RS 5','Audi','Benzin'),(981,'4.2 FSI S tronic quattro','2012-01-01',9.34579,1586000,'RS 5','Audi','Benzin'),(982,'4.2 FSI S tronic quattro','2012-01-01',9.34579,1350650,'RS 4','Audi','Benzin'),(983,'2.5 TFSI S tronic','2014-01-01',9.34579,638810,'TT','Audi','Benzin'),(984,'60 TFSI L tiptronic quattro','2017-01-01',9.09091,1023000,'A8','Audi','Benzin'),(985,'5.2 FSI quattro S tronic V10','2015-01-01',8.77193,4140000,'R8','Audi','Benzin'),(986,'5.2 FSI quattro S tronic','2015-01-01',8.54701,4140000,'R8','Audi','Benzin'),(987,'5.2 AMT 4WD','2015-01-01',8.54701,4140000,'R8','Audi','Benzin'),(988,'4.0 AT 4WD','2019-01-01',8.26446,2650090,'RS Q8','Audi','Benzin'),(989,'5.2 FSI quattro S tronic V10 plus','2015-01-01',8.13008,4140000,'R8','Audi','Benzin'),(990,'5.2 FSI quattro plus S tronic','2015-01-01',8,4140000,'R8','Audi','Benzin'),(991,'5.2 AMT','2015-01-01',7.93651,4140000,'R8','Audi','Benzin'),(992,'V10 quattro S tronic','2015-01-01',7.63359,4140000,'R8','Audi','Benzin'),(993,'V10 quattro S tronic','2015-01-01',7.24638,4140000,'R8','Audi','Benzin'),(994,'V10 S tronic quattro plus','2015-01-01',7.24638,4140000,'R8','Audi','Benzin'),(995,'4.0 V8 , 8 automatic Tiptronic','2019-01-01',8.54701,1960090,'RS 6','Audi','Benzin'),(996,'4.0 V8 TFSI','2019-01-01',10.5263,2440090,'RS 7','Audi','Benzin'),(997,'2.5, robot, all-wheel drive (4WD)','2015-01-01',11.6279,979090,'RS Q3','Audi','Benzin'),(998,'118i Steptronic','2015-01-01',20.8333,417584,'1 Series','BMW','Benzin'),(999,'118i MT','2019-01-01',20,417584,'1 Series','BMW','Benzin'),(1000,'118i Steptronic','2019-01-01',20,417584,'1 Series','BMW','Benzin'),(1001,'318i Steptronic','2015-01-01',20,526127,'3 Series','BMW','Benzin'),(1002,'218i MT','2017-01-01',19.6078,440820,'2 Series','BMW','Benzin'),(1003,'218i Steptronic','2017-01-01',19.6078,440820,'2 Series','BMW','Benzin'),(1004,'318i MT','2015-01-01',19.6078,526127,'3 Series','BMW','Benzin'),(1005,'218i Steptronic','2017-01-01',18.8679,440820,'2 Series','BMW','Benzin'),(1006,'320i Steptronic','2015-01-01',18.8679,526127,'3 Series','BMW','Benzin'),(1007,'120i Steptronic','2015-01-01',18.1818,417584,'1 Series','BMW','Benzin'),(1008,'218i MT','2017-01-01',18.1818,440820,'2 Series','BMW','Benzin'),(1009,'320i MT','2015-01-01',18.1818,526127,'3 Series','BMW','Benzin'),(1010,'420i Steptronic','2017-01-01',18.1818,623275,'4 Series','BMW','Benzin'),(1011,'420i Steptronic','2017-01-01',18.1818,623275,'4 Series','BMW','Benzin'),(1012,'430i Steptronic','2017-01-01',18.1818,623275,'4 Series','BMW','Benzin'),(1013,'320i Steptronic','2018-01-01',18.1818,526127,'3 Series','BMW','Benzin'),(1014,'530i Steptronic','2016-01-01',18.1818,548326,'5 Series','BMW','Benzin'),(1015,'118i Steptronic','2017-01-01',18.1818,417584,'1 Series','BMW','Benzin'),(1016,'120i Steptronic','2015-01-01',17.8571,417584,'1 Series','BMW','Benzin'),(1017,'730i Steptronic','2015-01-01',17.5439,1548000,'7 Series','BMW','Benzin'),(1018,'120i MT','2015-01-01',17.5439,417584,'1 Series','BMW','Benzin'),(1019,'120i MT','2015-01-01',17.5439,417584,'1 Series','BMW','Benzin'),(1020,'120i MT','2015-01-01',17.5439,417584,'1 Series','BMW','Benzin'),(1021,'230i Steptronic','2017-01-01',17.5439,440820,'2 Series','BMW','Benzin'),(1022,'125i Steptronic','2015-01-01',17.5439,417584,'1 Series','BMW','Benzin'),(1023,'125i Steptronic','2015-01-01',17.5439,417584,'1 Series','BMW','Benzin'),(1024,'320i xDrive Steptronic','2015-01-01',17.5439,526127,'3 Series','BMW','Benzin'),(1025,'420i Steptronic','2017-01-01',17.2414,623275,'4 Series','BMW','Benzin'),(1026,'420i MT','2017-01-01',17.2414,623275,'4 Series','BMW','Benzin'),(1027,'330i Steptronic','2018-01-01',17.2414,526127,'3 Series','BMW','Benzin'),(1028,'318i Steptronic','2015-01-01',17.2414,526127,'3 Series','BMW','Benzin'),(1029,'530i Steptronic','2016-01-01',17.2414,548326,'5 Series','BMW','Benzin'),(1030,'120i Steptronic','2015-01-01',16.9492,417584,'1 Series','BMW','Benzin'),(1031,'430i Steptronic','2017-01-01',16.9492,623275,'4 Series','BMW','Benzin'),(1032,'430i Steptronic','2017-01-01',16.9492,623275,'4 Series','BMW','Benzin'),(1033,'320i Steptronic','2015-01-01',16.9492,526127,'3 Series','BMW','Benzin'),(1034,'420i xDrive Steptronic','2017-01-01',16.9492,623275,'4 Series','BMW','Benzin'),(1035,'420i xDrive Steptronic','2017-01-01',16.9492,623275,'4 Series','BMW','Benzin'),(1036,'430i xDrive Steptronic','2017-01-01',16.9492,623275,'4 Series','BMW','Benzin'),(1037,'430i xDrive Steptronic','2017-01-01',16.9492,623275,'4 Series','BMW','Benzin'),(1038,'330i xDrive Steptronic','2015-01-01',16.9492,526127,'3 Series','BMW','Benzin'),(1039,'318i MT','2015-01-01',16.9492,526127,'3 Series','BMW','Benzin'),(1040,'330i Steptronic','2015-01-01',16.9492,526127,'3 Series','BMW','Benzin'),(1041,'230i Steptronic','2017-01-01',16.6667,440820,'2 Series','BMW','Benzin'),(1042,'330i Steptronic','2018-01-01',16.6667,526127,'3 Series','BMW','Benzin'),(1043,'530i xDrive Steptronic','2016-01-01',16.6667,548326,'5 Series','BMW','Benzin'),(1044,'430i MT','2017-01-01',16.3934,623275,'4 Series','BMW','Benzin'),(1045,'430i MT','2017-01-01',16.3934,623275,'4 Series','BMW','Benzin'),(1046,'330i Steptronic','2015-01-01',16.3934,526127,'3 Series','BMW','Benzin'),(1047,'320i MT','2015-01-01',16.3934,526127,'3 Series','BMW','Benzin'),(1048,'2.0 AT','2020-01-01',16.3934,623275,'4 Series','BMW','Benzin'),(1049,'220i Steptronic','2017-01-01',16.129,440820,'2 Series','BMW','Benzin'),(1050,'420i MT','2017-01-01',16.129,623275,'4 Series','BMW','Benzin'),(1051,'320i Steptronic','2015-01-01',16.129,526127,'3 Series','BMW','Benzin'),(1052,'630i Steptronic','2017-01-01',16.129,400000,'6 Series','BMW','Benzin'),(1053,'520i Steptronic','2016-01-01',16.129,548326,'5 Series','BMW','Benzin'),(1054,'120i Steptronic','2017-01-01',16.129,417584,'1 Series','BMW','Benzin'),(1055,'125i Steptronic','2015-01-01',15.873,417584,'1 Series','BMW','Benzin'),(1056,'125i Steptronic','2015-01-01',15.873,417584,'1 Series','BMW','Benzin'),(1057,'340i xDrive Steptronic','2015-01-01',15.873,526127,'3 Series','BMW','Benzin'),(1058,'320i MT','2015-01-01',15.873,526127,'3 Series','BMW','Benzin'),(1059,'330i xDrive Steptronic','2015-01-01',15.873,526127,'3 Series','BMW','Benzin'),(1060,'330i Steptronic xDrive','2018-01-01',15.873,526127,'3 Series','BMW','Benzin'),(1061,'430i xDrive Steptronic','2017-01-01',15.625,623275,'4 Series','BMW','Benzin'),(1062,'430i xDrive Steptronic','2017-01-01',15.625,623275,'4 Series','BMW','Benzin'),(1063,'320i xDrive MT','2015-01-01',15.625,526127,'3 Series','BMW','Benzin'),(1064,'125i Steptronic','2017-01-01',15.625,417584,'1 Series','BMW','Benzin'),(1065,'2.0 AT','2020-01-01',15.625,623275,'4 Series','BMW','Benzin'),(1066,'340i Steptronic','2015-01-01',15.3846,526127,'3 Series','BMW','Benzin'),(1067,'320i xDrive Steptronic','2015-01-01',15.3846,526127,'3 Series','BMW','Benzin'),(1068,'330i xDrive Steptronic','2015-01-01',15.3846,526127,'3 Series','BMW','Benzin'),(1069,'540i Steptronic','2016-01-01',15.3846,548326,'5 Series','BMW','Benzin'),(1070,'530i xDrive Steptronic','2016-01-01',15.3846,548326,'5 Series','BMW','Benzin'),(1071,'125i MT','2015-01-01',15.1515,417584,'1 Series','BMW','Benzin'),(1072,'125i MT','2015-01-01',15.1515,417584,'1 Series','BMW','Benzin'),(1073,'430i MT','2017-01-01',15.1515,623275,'4 Series','BMW','Benzin'),(1074,'440i Steptronic','2017-01-01',15.1515,623275,'4 Series','BMW','Benzin'),(1075,'440i Steptronic','2017-01-01',15.1515,623275,'4 Series','BMW','Benzin'),(1076,'420i xDrive MT','2017-01-01',15.1515,623275,'4 Series','BMW','Benzin'),(1077,'320i xDrive Steptronic','2015-01-01',15.1515,526127,'3 Series','BMW','Benzin'),(1078,'420i xDrive MT','2017-01-01',15.1515,623275,'4 Series','BMW','Benzin'),(1079,'330i MT','2015-01-01',14.9254,526127,'3 Series','BMW','Benzin'),(1080,'320i xDrive MT','2015-01-01',14.9254,526127,'3 Series','BMW','Benzin'),(1081,'530i xDrive Steptronic','2016-01-01',14.9254,548326,'5 Series','BMW','Benzin'),(1082,'M135i Steptronic xDrive','2019-01-01',14.7059,417584,'1 Series','BMW','Benzin'),(1083,'440i Steptronic','2017-01-01',14.7059,623275,'4 Series','BMW','Benzin'),(1084,'320i Steptronic xDrive','2018-01-01',14.7059,526127,'3 Series','BMW','Benzin'),(1085,'340i xDrive Steptronic','2015-01-01',14.4928,526127,'3 Series','BMW','Benzin'),(1086,'340i Steptronic','2015-01-01',14.2857,526127,'3 Series','BMW','Benzin'),(1087,'M340i Steptronic xDrive','2018-01-01',14.2857,526127,'3 Series','BMW','Benzin'),(1088,'340i Steptronic','2015-01-01',14.2857,526127,'3 Series','BMW','Benzin'),(1089,'640i Steptronic','2017-01-01',14.2857,400000,'6 Series','BMW','Benzin'),(1090,'740Li xDrive Steptronic','2015-01-01',14.2857,1548000,'7 Series','BMW','Benzin'),(1091,'630i Steptronic','2017-01-01',14.2857,400000,'6 Series','BMW','Benzin'),(1092,'730i Steptronic','2019-01-01',14.2857,1548000,'7 Series','BMW','Benzin'),(1093,'M240i Steptronic','2017-01-01',14.0845,440820,'2 Series','BMW','Benzin'),(1094,'M140i Steptronic','2015-01-01',14.0845,417584,'1 Series','BMW','Benzin'),(1095,'M140i Steptronic','2015-01-01',14.0845,417584,'1 Series','BMW','Benzin'),(1096,'440i xDrive Steptronic','2017-01-01',14.0845,623275,'4 Series','BMW','Benzin'),(1097,'330i Steptronic xDrive','2018-01-01',14.0845,526127,'3 Series','BMW','Benzin'),(1098,'840i Steptronic','2018-01-01',13.8889,1549900,'8 Series','BMW','Benzin'),(1099,'840i Steptronic','2018-01-01',13.8889,1549900,'8 Series','BMW','Benzin'),(1100,'440i xDrive Steptronic','2017-01-01',13.6986,623275,'4 Series','BMW','Benzin'),(1101,'320i xDrive MT','2015-01-01',13.6986,526127,'3 Series','BMW','Benzin'),(1102,'540i xDrive Steptronic','2016-01-01',13.6986,548326,'5 Series','BMW','Benzin'),(1103,'M240i Steptronic','2017-01-01',13.5135,440820,'2 Series','BMW','Benzin'),(1104,'M240i xDrive Steptronic','2017-01-01',13.5135,440820,'2 Series','BMW','Benzin'),(1105,'M140i Steptronic xDrive','2015-01-01',13.5135,417584,'1 Series','BMW','Benzin'),(1106,'M140i Steptronic xDrive','2015-01-01',13.5135,417584,'1 Series','BMW','Benzin'),(1107,'440i MT','2017-01-01',13.5135,623275,'4 Series','BMW','Benzin'),(1108,'340i MT','2015-01-01',13.5135,526127,'3 Series','BMW','Benzin'),(1109,'840i Steptronic','2018-01-01',13.5135,1549900,'8 Series','BMW','Benzin'),(1110,'3.0 AT 4WD','2020-01-01',13.5135,623275,'4 Series','BMW','Benzin'),(1111,'3.0 AT 4WD','2020-01-01',13.5135,623275,'4 Series','BMW','Benzin'),(1112,'M135i Steptronic','2015-01-01',13.3333,417584,'1 Series','BMW','Benzin'),(1113,'M135i Steptronic','2015-01-01',13.3333,417584,'1 Series','BMW','Benzin'),(1114,'840i Steptronic xDrive','2018-01-01',13.3333,1549900,'8 Series','BMW','Benzin'),(1115,'840i Steptronic xDrive','2018-01-01',13.3333,1549900,'8 Series','BMW','Benzin'),(1116,'340i xDrive Steptronic','2015-01-01',13.1579,526127,'3 Series','BMW','Benzin'),(1117,'540i xDrive Steptronic','2016-01-01',13.1579,548326,'5 Series','BMW','Benzin'),(1118,'440i xDrive Steptronic','2017-01-01',12.987,623275,'4 Series','BMW','Benzin'),(1119,'440i xDrive MT','2017-01-01',12.987,623275,'4 Series','BMW','Benzin'),(1120,'340i xDrive MT','2015-01-01',12.987,526127,'3 Series','BMW','Benzin'),(1121,'840i Steptronic xDrive','2018-01-01',12.987,1549900,'8 Series','BMW','Benzin'),(1122,'M135i Steptronic xDrive','2015-01-01',12.8205,417584,'1 Series','BMW','Benzin'),(1123,'M135i Steptronic xDrive','2015-01-01',12.8205,417584,'1 Series','BMW','Benzin'),(1124,'M240i MT','2017-01-01',12.8205,440820,'2 Series','BMW','Benzin'),(1125,'M140i MT','2015-01-01',12.8205,417584,'1 Series','BMW','Benzin'),(1126,'M140i MT','2015-01-01',12.8205,417584,'1 Series','BMW','Benzin'),(1127,'M240i xDrive Steptronic','2017-01-01',12.8205,440820,'2 Series','BMW','Benzin'),(1128,'M135i MT','2015-01-01',12.5,417584,'1 Series','BMW','Benzin'),(1129,'M135i MT','2015-01-01',12.5,417584,'1 Series','BMW','Benzin'),(1130,'750i xDrive Steptronic','2015-01-01',12.3457,1548000,'7 Series','BMW','Benzin'),(1131,'M240i MT','2017-01-01',12.0482,440820,'2 Series','BMW','Benzin'),(1132,'750Li xDrive Steptronic','2015-01-01',12.0482,1548000,'7 Series','BMW','Benzin'),(1133,'740Li Steptronic xDrive','2019-01-01',11.9048,1548000,'7 Series','BMW','Benzin'),(1134,'640i xDrive Steptronic','2017-01-01',11.7647,400000,'6 Series','BMW','Benzin'),(1135,'330i xDrive MT','2015-01-01',11.1111,526127,'3 Series','BMW','Benzin'),(1136,'M550i xDrive Steptronic','2016-01-01',10.5263,548326,'5 Series','BMW','Benzin'),(1137,'750Li Steptronic xDrive','2019-01-01',10.5263,1548000,'7 Series','BMW','Benzin'),(1138,'750i Steptronic xDrive','2019-01-01',10.5263,1548000,'7 Series','BMW','Benzin'),(1139,'M850i Steptronic xDrive','2018-01-01',10.101,1549900,'8 Series','BMW','Benzin'),(1140,'M850i Steptronic xDrive','2018-01-01',10.101,1549900,'8 Series','BMW','Benzin'),(1141,'M850i Steptronic xDrive','2018-01-01',10,1549900,'8 Series','BMW','Benzin'),(1142,'M760Li Steptronic xDrive','2019-01-01',8.06452,1548000,'7 Series','BMW','Benzin'),(1143,'M760Li xDrive Steptronic','2015-01-01',7.8125,1548000,'7 Series','BMW','Benzin'),(1144,'1.5 AT','2015-01-01',18.1818,417584,'1 Series','BMW','Benzin'),(1145,'2.0 AT','2015-01-01',16.129,417584,'1 Series','BMW','Benzin'),(1146,'2.0 AT','2015-01-01',15.625,417584,'1 Series','BMW','Benzin'),(1147,'1.5 liters Â automatic transmission with an Overboost mode (+10 Nm)','2019-01-01',17.5439,417584,'1 Series','BMW','Benzin'),(1148,'2.0 Â Automatic transmission, all-wheel drive xDrive','2019-01-01',14.0845,417584,'1 Series','BMW','Benzin'),(1149,'2.0 Â Automatic transmission, RWD','2015-01-01',15.625,526127,'3 Series','BMW','Benzin'),(1150,'2.0 AT','2015-01-01',16.3934,526127,'3 Series','BMW','Benzin'),(1151,'2.0 AT 4WD','2015-01-01',15.1515,526127,'3 Series','BMW','Benzin'),(1152,'2.0 MT','2015-01-01',15.625,526127,'3 Series','BMW','Benzin'),(1153,'2.0 MT 4WD','2015-01-01',14.0845,526127,'3 Series','BMW','Benzin'),(1154,'3.0 AT','2015-01-01',13.6986,526127,'3 Series','BMW','Benzin'),(1155,'3.0 AT 4WD','2015-01-01',12.987,526127,'3 Series','BMW','Benzin'),(1156,'1.5 AT','2015-01-01',18.5185,526127,'3 Series','BMW','Benzin'),(1157,'1.5 MT','2015-01-01',18.1818,526127,'3 Series','BMW','Benzin'),(1158,'2.0 AT 4WD','2015-01-01',16.3934,526127,'3 Series','BMW','Benzin'),(1159,'3.0 MT','2015-01-01',12.987,526127,'3 Series','BMW','Benzin'),(1160,'3.0 MT 4WD','2015-01-01',12.6582,526127,'3 Series','BMW','Benzin'),(1161,'1.5 AT','2015-01-01',17.2414,526127,'3 Series','BMW','Benzin'),(1162,'1.5 MT','2015-01-01',16.9492,526127,'3 Series','BMW','Benzin'),(1163,'2.0 AT 4WD','2015-01-01',15.3846,526127,'3 Series','BMW','Benzin'),(1164,'3.0 AT 4WD','2015-01-01',13.1579,526127,'3 Series','BMW','Benzin'),(1165,'2.0 AT','2020-01-01',17.2414,623275,'4 Series','BMW','Benzin'),(1166,'3.0 AT 4WD','2020-01-01',14.0845,623275,'4 Series','BMW','Benzin'),(1167,'2.0 AT','2020-01-01',16.129,548326,'5 Series','BMW','Benzin'),(1168,'4.4 AT 4WD','2020-01-01',11.236,548326,'5 Series','BMW','Benzin'),(1169,'2.0 AT','2020-01-01',15.873,548326,'5 Series','BMW','Benzin'),(1170,'0.9 TCe MT','2017-01-01',20.4082,134700,'Logan','Dacia','Benzin'),(1171,'0.9 TCe MT','2017-01-01',20.4082,134700,'Logan','Dacia','Benzin'),(1172,'0.9 TCe Easy-R','2017-01-01',20.4082,134700,'Logan','Dacia','Benzin'),(1173,'0.9 TCe Easy-R','2017-01-01',20.4082,134700,'Logan','Dacia','Benzin'),(1174,'0.9 TCe MT','2017-01-01',19.6078,134700,'Logan','Dacia','Benzin'),(1175,'1.0 SCe MT','2017-01-01',19.2308,134700,'Logan','Dacia','Benzin'),(1176,'1.0 SCe MT','2017-01-01',18.5185,134700,'Logan','Dacia','Benzin'),(1177,'0.9 TCe LPG MT','2017-01-01',16.129,134700,'Logan','Dacia','Benzin'),(1178,'0.9 TCe LPG MT','2017-01-01',16.129,134700,'Logan','Dacia','Benzin'),(1179,'0.9 TwinAir Turbo MT','2012-01-01',20.8333,183970,'500L','Fiat','Benzin'),(1180,'0.9 MT','2012-01-01',20.8333,183970,'500L','Fiat','Benzin'),(1181,'1.4 AMT','2012-01-01',18.5185,146990,'Punto','Fiat','Benzin'),(1182,'1.4 MT Mair','2012-01-01',17.8571,146990,'Punto','Fiat','Benzin'),(1183,'1.4 MT','2012-01-01',17.5439,146990,'Punto','Fiat','Benzin'),(1184,'1.4 AMT','2012-01-01',17.5439,146990,'Punto','Fiat','Benzin'),(1185,'1.4 MT','2012-01-01',17.5439,146990,'Punto','Fiat','Benzin'),(1186,'1.4 MT','2015-01-01',17.5439,169990,'Tipo','Fiat','Benzin'),(1187,'1.4 MT','2015-01-01',17.5439,169990,'Tipo','Fiat','Benzin'),(1188,'1.0 MT','2018-01-01',16.6667,199990,'500X','Fiat','Benzin'),(1189,'1.4 MT','2015-01-01',16.6667,169990,'Tipo','Fiat','Benzin'),(1190,'1.4 MT','2012-01-01',16.129,183970,'500L','Fiat','Benzin'),(1191,'1.4 MT','2012-01-01',16.129,183970,'500L','Fiat','Benzin'),(1192,'1.6 AT','2015-01-01',15.873,169990,'Tipo','Fiat','Benzin'),(1193,'1.6 AT','2015-01-01',15.873,169990,'Tipo','Fiat','Benzin'),(1194,'1.3 AMT','2018-01-01',15.3846,199990,'500X','Fiat','Benzin'),(1195,'1.3 AT 4WD','2018-01-01',15.3846,199990,'500X','Fiat','Benzin'),(1196,'1.6 MT','2018-01-01',14.2857,199990,'500X','Fiat','Benzin'),(1197,'1.4 MT','2015-01-01',13.8889,59900,'Doblo','Fiat','Benzin'),(1198,'1.4 MT','2015-01-01',13.5135,59900,'Doblo','Fiat','Benzin'),(1199,'1.4 MT CNG','2015-01-01',13.5135,59900,'Doblo','Fiat','Benzin'),(1200,'2.4 AT','2011-01-01',10.101,500000,'Freemont','Fiat','Benzin'),(1201,'3.6 AT AWD','2011-01-01',8.84956,500000,'Freemont','Fiat','Benzin'),(1202,'1.4 MT','2012-01-01',16.129,183970,'500L','Fiat','Benzin'),(1203,'1.4 AT','2012-01-01',15.3846,183970,'500L','Fiat','Benzin'),(1204,'1.4 AT','2012-01-01',15.625,183970,'500L','Fiat','Benzin'),(1205,'1.4 MT','2012-01-01',15.625,183970,'500L','Fiat','Benzin'),(1206,'2.4 AT','2011-01-01',10.101,500000,'Freemont','Fiat','Benzin'),(1207,'3.6 AT 4WD','2011-01-01',7.57576,500000,'Freemont','Fiat','Benzin'),(1208,'0.9 Â MT','2011-01-01',20.4082,124990,'Panda','Fiat','Benzin'),(1209,'1.4 Â turbo engine','2015-01-01',17.5439,169990,'Tipo','Fiat','Benzin'),(1210,'1,6','2015-01-01',15.873,169990,'Tipo','Fiat','Benzin'),(1211,'2.0 Hybrid Duratec AT','2014-01-01',23.8095,189900,'Mondeo','Ford','Benzin'),(1212,'1.0 EcoBoost MT','2013-01-01',23.2558,180720,'Fiesta','Ford','Benzin'),(1213,'1.0 MT','2013-01-01',23.2558,180720,'Fiesta','Ford','Benzin'),(1214,'1.0 EcoBoost S MT','2013-01-01',23.2558,180720,'Fiesta','Ford','Benzin'),(1215,'1.0 EcoBoost MT','2013-01-01',23.2558,180720,'Fiesta','Ford','Benzin'),(1216,'1.0 EcoBoost MT','2017-01-01',22.2222,180720,'Fiesta','Ford','Benzin'),(1217,'1.0 EcoBoost MT','2017-01-01',22.2222,180720,'Fiesta','Ford','Benzin'),(1218,'1.0 MT','2013-01-01',21.7391,180720,'Fiesta','Ford','Benzin'),(1219,'1.0 EcoBoost MT','2014-01-01',21.7391,288220,'Focus','Ford','Benzin'),(1220,'1.0 EcoBoost MT','2018-01-01',21.2766,288220,'Focus','Ford','Benzin'),(1221,'1.0 EcoBoost MT','2014-01-01',20.8333,288220,'Focus','Ford','Benzin'),(1222,'1.0 EcoBoost MT','2018-01-01',20.8333,288220,'Focus','Ford','Benzin'),(1223,'1.0 EcoBoost MT','2018-01-01',20.8333,288220,'Focus','Ford','Benzin'),(1224,'1.0 EcoBoost Powershift','2017-01-01',20.4082,180720,'Fiesta','Ford','Benzin'),(1225,'1.0 EcoBoost AT','2014-01-01',20.4082,288220,'Focus','Ford','Benzin'),(1226,'1.0 EcoBoost MT','2018-01-01',20.4082,288220,'Focus','Ford','Benzin'),(1227,'1.0 EcoBoost AT','2014-01-01',20,288220,'Focus','Ford','Benzin'),(1228,'1.0 EcoBoost AT','2014-01-01',20,288220,'Focus','Ford','Benzin'),(1229,'1.2 MT','2008-01-01',19.6078,65990,'Ka','Ford','Benzin'),(1230,'1.0 EcoBoost MT','2014-01-01',19.6078,189900,'Mondeo','Ford','Benzin'),(1231,'1.0 EcoBoost MT','2014-01-01',19.6078,189900,'Mondeo','Ford','Benzin'),(1232,'1.0 EcoBoost MT','2014-01-01',19.6078,189900,'Mondeo','Ford','Benzin'),(1233,'1.25 MT','2013-01-01',19.2308,180720,'Fiesta','Ford','Benzin'),(1234,'1.0 EcoBoost MT','2017-01-01',19.2308,211560,'EcoSport','Ford','Benzin'),(1235,'1.0 EcoBoost MT','2017-01-01',19.2308,211560,'EcoSport','Ford','Benzin'),(1236,'1.5 EcoBoost MT','2014-01-01',18.1818,288220,'Focus','Ford','Benzin'),(1237,'1.5 EcoBoost MT','2014-01-01',17.8571,288220,'Focus','Ford','Benzin'),(1238,'1.5 EcoBoost MT','2014-01-01',17.8571,288220,'Focus','Ford','Benzin'),(1239,'1.4 MT','2013-01-01',17.5439,180720,'Fiesta','Ford','Benzin'),(1240,'1.4 MT','2013-01-01',17.5439,180720,'Fiesta','Ford','Benzin'),(1241,'1.0 EcoBoost AT','2017-01-01',17.2414,211560,'EcoSport','Ford','Benzin'),(1242,'1.5 EcoBoost AT','2014-01-01',17.2414,288220,'Focus','Ford','Benzin'),(1243,'1.5 EcoBoost MT','2014-01-01',17.2414,189900,'Mondeo','Ford','Benzin'),(1244,'1.5 EcoBoost MT','2014-01-01',17.2414,189900,'Mondeo','Ford','Benzin'),(1245,'1.5 EcoBoost MT','2014-01-01',17.2414,189900,'Mondeo','Ford','Benzin'),(1246,'1.6 Ti-VCT MT','2013-01-01',16.9492,180720,'Fiesta','Ford','Benzin'),(1247,'1.6 Ti-VCT PowerShift','2013-01-01',16.9492,180720,'Fiesta','Ford','Benzin'),(1248,'1.6 Ti-VCT PowerShift','2013-01-01',16.9492,180720,'Fiesta','Ford','Benzin'),(1249,'1.6 EcoBoost MT','2013-01-01',16.9492,180720,'Fiesta','Ford','Benzin'),(1250,'1.6 Ti-VCT MT','2014-01-01',16.9492,288220,'Focus','Ford','Benzin'),(1251,'1.6 EcoBoost Â MT','2017-01-01',16.6667,180720,'Fiesta','Ford','Benzin'),(1252,'1.6 Ti-VCT MT','2014-01-01',16.6667,288220,'Focus','Ford','Benzin'),(1253,'1.5 EcoBoost MT','2017-01-01',16.3934,180720,'Fiesta','Ford','Benzin'),(1254,'1.6 Ti-VCT PowerShift','2014-01-01',15.873,288220,'Focus','Ford','Benzin'),(1255,'1.6 Ti-VCT PowerShift','2014-01-01',15.873,288220,'Focus','Ford','Benzin'),(1256,'1.5 MT','2017-01-01',15.625,211560,'EcoSport','Ford','Benzin'),(1257,'1.6 EcoBoost MT','2013-01-01',15.1515,321590,'Kuga','Ford','Benzin'),(1258,'1.5 EcoBoost AT','2014-01-01',14.9254,288220,'Focus','Ford','Benzin'),(1259,'1.5 EcoBoost AT','2014-01-01',14.9254,288220,'Focus','Ford','Benzin'),(1260,'1.5 EcoBoost AT','2014-01-01',14.9254,288220,'Focus','Ford','Benzin'),(1261,'1.5 AT','2017-01-01',14.7059,211560,'EcoSport','Ford','Benzin'),(1262,'2.0 MT','2014-01-01',14.7059,288220,'Focus','Ford','Benzin'),(1263,'1.4 LPG MT','2013-01-01',13.8889,180720,'Fiesta','Ford','Benzin'),(1264,'2.0 EcoBoost AT','2014-01-01',13.6986,189900,'Mondeo','Ford','Benzin'),(1265,'2.0 EcoBoost AT','2014-01-01',13.6986,189900,'Mondeo','Ford','Benzin'),(1266,'2.0 EcoBoost MT','2014-01-01',13.6986,189900,'Mondeo','Ford','Benzin'),(1267,'2.0 EcoBoost MT','2014-01-01',13.6986,189900,'Mondeo','Ford','Benzin'),(1268,'2.0 EcoBoost AT','2014-01-01',13.6986,189900,'Mondeo','Ford','Benzin'),(1269,'2.0 EcoBoost AT','2014-01-01',13.6986,189900,'Mondeo','Ford','Benzin'),(1270,'2.0 EcoBoost MT','2014-01-01',13.6986,189900,'Mondeo','Ford','Benzin'),(1271,'1.6 EcoBoost AT AWD','2013-01-01',12.987,321590,'Kuga','Ford','Benzin'),(1272,'1.6 EcoBoost AT AWD','2013-01-01',12.987,321590,'Kuga','Ford','Benzin'),(1273,'2.3 EcoBoost Â MT','2014-01-01',12.987,288220,'Focus','Ford','Benzin'),(1274,'2.0 EcoBoost AT','2014-01-01',12.5,189900,'Mondeo','Ford','Benzin'),(1275,'2.0 EcoBoost AT','2014-01-01',12.5,189900,'Mondeo','Ford','Benzin'),(1276,'2.3 MT','2014-01-01',12.5,803058,'Mustang','Ford','Benzin'),(1277,'1.5 EcoBoost AT AWD','2016-01-01',12.5,321590,'Kuga','Ford','Benzin'),(1278,'1.5 EcoBoost AT AWD','2016-01-01',12.5,321590,'Kuga','Ford','Benzin'),(1279,'2.5 AT','2013-01-01',12.3457,321590,'Kuga','Ford','Benzin'),(1280,'2.5 AT','2016-01-01',12.3457,321590,'Kuga','Ford','Benzin'),(1281,'2.5 AT','2014-01-01',12.1951,189900,'Mondeo','Ford','Benzin'),(1282,'2.5 AT','2014-01-01',12.1951,189900,'Mondeo','Ford','Benzin'),(1283,'2.5 AT','2014-01-01',12.1951,189900,'Mondeo','Ford','Benzin'),(1284,'2.3 MT','2014-01-01',12.1951,803058,'Mustang','Ford','Benzin'),(1285,'2.0 AT AWD','2017-01-01',11.7647,211560,'EcoSport','Ford','Benzin'),(1286,'2.3 EcoBoost MT','2017-01-01',11.1111,803058,'Mustang','Ford','Benzin'),(1287,'2.3 EcoBoost MT','2017-01-01',10.989,803058,'Mustang','Ford','Benzin'),(1288,'2.3 EcoBoost AT','2017-01-01',10.8696,803058,'Mustang','Ford','Benzin'),(1289,'2.3 EcoBoost AT','2017-01-01',10.5263,803058,'Mustang','Ford','Benzin'),(1290,'2.3 AT','2014-01-01',10.101,803058,'Mustang','Ford','Benzin'),(1291,'2.3 AT','2014-01-01',10,803058,'Mustang','Ford','Benzin'),(1292,'5.0 AT','2014-01-01',8.33333,803058,'Mustang','Ford','Benzin'),(1293,'5.0 AT','2017-01-01',8.26446,803058,'Mustang','Ford','Benzin'),(1294,'5.0 MT','2017-01-01',8.06452,803058,'Mustang','Ford','Benzin'),(1295,'5.0 AT','2017-01-01',8,803058,'Mustang','Ford','Benzin'),(1296,'5.0 AT','2014-01-01',7.8125,803058,'Mustang','Ford','Benzin'),(1297,'5.0 MT','2017-01-01',7.8125,803058,'Mustang','Ford','Benzin'),(1298,'5.0 MT','2014-01-01',7.40741,803058,'Mustang','Ford','Benzin'),(1299,'5.0 MT','2014-01-01',7.35294,803058,'Mustang','Ford','Benzin'),(1300,'5.2 MT','2014-01-01',6.80272,803058,'Mustang','Ford','Benzin'),(1301,'2.3 AT','2014-01-01',10.2041,803058,'Mustang','Ford','Benzin'),(1302,'2.3 MT','2014-01-01',11.1111,803058,'Mustang','Ford','Benzin'),(1303,'3.7 AT','2014-01-01',9.34579,803058,'Mustang','Ford','Benzin'),(1304,'3.7 MT','2014-01-01',8.92857,803058,'Mustang','Ford','Benzin'),(1305,'5.0 AT','2014-01-01',7.8125,803058,'Mustang','Ford','Benzin'),(1306,'5.0 MT','2014-01-01',7.35294,803058,'Mustang','Ford','Benzin'),(1307,'2.3 AT','2017-01-01',10.2041,803058,'Mustang','Ford','Benzin'),(1308,'2.3 MT','2017-01-01',12.1951,803058,'Mustang','Ford','Benzin'),(1309,'GT 5.0 AT','2017-01-01',7.8125,803058,'Mustang','Ford','Benzin'),(1310,'GT 5.0 MT','2017-01-01',7.35294,803058,'Mustang','Ford','Benzin'),(1311,'2.3 AT','2014-01-01',10.101,803058,'Mustang','Ford','Benzin'),(1312,'2.3 MT','2014-01-01',12.5,803058,'Mustang','Ford','Benzin'),(1313,'3.7 AT','2014-01-01',9.34579,803058,'Mustang','Ford','Benzin'),(1314,'3.7 MT','2014-01-01',8.92857,803058,'Mustang','Ford','Benzin'),(1315,'5.0 AT','2014-01-01',8.33333,803058,'Mustang','Ford','Benzin'),(1316,'5.0 MT','2014-01-01',6.80272,803058,'Mustang','Ford','Benzin'),(1317,'2.3 AT','2017-01-01',10.2041,803058,'Mustang','Ford','Benzin'),(1318,'2.3 MT','2017-01-01',12.5,803058,'Mustang','Ford','Benzin'),(1319,'GT 5.0 AT','2017-01-01',8.33333,803058,'Mustang','Ford','Benzin'),(1320,'GT 5.0 MT','2017-01-01',7.40741,803058,'Mustang','Ford','Benzin'),(1321,'2.0 AT AWD','2017-01-01',11.7647,211560,'EcoSport','Ford','Benzin'),(1322,'1.0 EcoBoost MT','2013-01-01',22.2222,180720,'Fiesta','Ford','Benzin'),(1323,'1.5 MT','2013-01-01',27.7778,180720,'Fiesta','Ford','Benzin'),(1324,'1.5 MT','2013-01-01',28.5714,180720,'Fiesta','Ford','Benzin'),(1325,'1.1 Ti-VCT MT','2017-01-01',21.2766,180720,'Fiesta','Ford','Benzin'),(1326,'1.0 EcoBoost AT','2018-01-01',17.8571,288220,'Focus','Ford','Benzin'),(1327,'1.5 EcoBoost MT','2018-01-01',18.8679,288220,'Focus','Ford','Benzin'),(1328,'1.8 MT LWB','2013-01-01',17.8571,174900,'Tourneo Connect','Ford','Benzin'),(1329,'1.8 MT SWB','2013-01-01',12.5,174900,'Tourneo Connect','Ford','Benzin'),(1330,'1.0 EcoBoost MT','2018-01-01',15.625,288220,'Focus','Ford','Benzin'),(1331,'1,0 MT','2017-01-01',20,180720,'Fiesta','Ford','Benzin'),(1332,'1.0 AT','2018-01-01',15.3846,288220,'Focus','Ford','Benzin'),(1333,'1.0 MT','2018-01-01',18.1818,288220,'Focus','Ford','Benzin'),(1334,'1.6 , Automatic transmission, all-wheel drive (4WD)','2013-01-01',13.5135,321590,'Kuga','Ford','Benzin'),(1335,'1.6 , MT, front drive','2013-01-01',15.1515,321590,'Kuga','Ford','Benzin'),(1336,'2.5 , Automatic transmission, front drive','2013-01-01',12.3457,321590,'Kuga','Ford','Benzin'),(1337,'1.5 , Automatic transmission, all-wheel drive (4WD)','2016-01-01',12.5,321590,'Kuga','Ford','Benzin'),(1338,'2.5 , Automatic transmission, front drive','2016-01-01',12.3457,321590,'Kuga','Ford','Benzin'),(1339,'1.5 , MT, front drive','2019-01-01',16.9492,321590,'Kuga','Ford','Benzin'),(1340,'2.0 EcoBoost AT Titanium 2.0 Â Automatic transmission','2014-01-01',12.5,189900,'Mondeo','Ford','Benzin'),(1341,'1.5 SkyActiv-G MT','2014-01-01',22.2222,159000,'2','Mazda','Benzin'),(1342,'1.5 SkyActiv-G MT','2014-01-01',21.2766,159000,'2','Mazda','Benzin'),(1343,'1.5 SkyActiv-G AT','2014-01-01',20.8333,159000,'2','Mazda','Benzin'),(1344,'1.5 SkyActiv-G MT','2014-01-01',20.4082,159000,'2','Mazda','Benzin'),(1345,'1.5 MT','2019-01-01',20,159000,'2','Mazda','Benzin'),(1346,'1.3 MT','2010-01-01',19.6078,159000,'2','Mazda','Benzin'),(1347,'2.0 SkyActiv-G MT','2019-01-01',19.6078,250820,'3','Mazda','Benzin'),(1348,'1.5 MT','2019-01-01',19.6078,159000,'2','Mazda','Benzin'),(1349,'1.3 MT','2010-01-01',19.2308,159000,'2','Mazda','Benzin'),(1350,'1.5 AT','2019-01-01',18.8679,159000,'2','Mazda','Benzin'),(1351,'1.5 MT','2019-01-01',18.8679,159000,'2','Mazda','Benzin'),(1352,'2.0 SkyActiv-G AT','2019-01-01',18.1818,250820,'3','Mazda','Benzin'),(1353,'2.0 SKYACTIV-G MT','2015-01-01',17.8571,350820,'6','Mazda','Benzin'),(1354,'1.5 MT','2010-01-01',17.5439,159000,'2','Mazda','Benzin'),(1355,'1.5 SkyActiv-G AT','2014-01-01',17.5439,159000,'2','Mazda','Benzin'),(1356,'1.5 MT','2010-01-01',17.2414,159000,'2','Mazda','Benzin'),(1357,'1.3 MT','2010-01-01',17.2414,159000,'2','Mazda','Benzin'),(1358,'1.5 AT 4WD','2019-01-01',17.2414,159000,'2','Mazda','Benzin'),(1359,'1.5 AT','2019-01-01',16.9492,159000,'2','Mazda','Benzin'),(1360,'1.5 SkyActiv-G AT','2019-01-01',16.6667,250820,'3','Mazda','Benzin'),(1361,'2.0 SKYACTIV-G MT','2015-01-01',16.6667,350820,'6','Mazda','Benzin'),(1362,'1.5 SkyActiv-G MT','2019-01-01',16.3934,250820,'3','Mazda','Benzin'),(1363,'2.0 SKYACTIV-G AT','2015-01-01',16.3934,350820,'6','Mazda','Benzin'),(1364,'Skyactiv-G 2.0 AT','2017-01-01',16.129,350820,'6','Mazda','Benzin'),(1365,'Skyactiv-G 2.0 AT','2017-01-01',15.873,350820,'6','Mazda','Benzin'),(1366,'2.5 SKYACTIV-G AT','2015-01-01',15.625,350820,'6','Mazda','Benzin'),(1367,'1.5 MT','2010-01-01',15.625,159000,'2','Mazda','Benzin'),(1368,'Skyactiv-G 2.0 AT','2017-01-01',15.3846,350820,'6','Mazda','Benzin'),(1369,'Skyactiv-G 2.0 MT','2017-01-01',15.3846,350820,'6','Mazda','Benzin'),(1370,'Skyactiv-G 2.0 MT','2017-01-01',15.1515,350820,'6','Mazda','Benzin'),(1371,'2.5 SKYACTIV-G AT','2015-01-01',14.9254,350820,'6','Mazda','Benzin'),(1372,'1.5 AT','2010-01-01',14.7059,159000,'2','Mazda','Benzin'),(1373,'Skyactiv-G 2.5 AT','2017-01-01',14.7059,350820,'6','Mazda','Benzin'),(1374,'2.0 SkyActiv-G AT','2019-01-01',14.4928,250820,'3','Mazda','Benzin'),(1375,'Skyactiv-G 2.5 AT','2017-01-01',13.8889,350820,'6','Mazda','Benzin'),(1376,'Skyactiv-G 2.5T AT','2017-01-01',12.987,350820,'6','Mazda','Benzin'),(1377,'1.5 AT','2010-01-01',14.7059,159000,'2','Mazda','Benzin'),(1378,'1.5 MT','2010-01-01',17.5439,159000,'2','Mazda','Benzin'),(1379,'2.0 SkyActiv-X AT','2019-01-01',18.1818,250820,'3','Mazda','Benzin'),(1380,'2.0 SkyActiv-X AT AWD','2019-01-01',14.4928,250820,'3','Mazda','Benzin'),(1381,'2.0 SkyActiv-X MT','2019-01-01',19.6078,250820,'3','Mazda','Benzin'),(1382,'1.5 AT','2010-01-01',14.7059,159000,'2','Mazda','Benzin'),(1383,'1.5 SkyActiv-G AT','2014-01-01',20.8333,159000,'2','Mazda','Benzin'),(1384,'1.5 SkyActiv-G MT','2014-01-01',29.4118,159000,'2','Mazda','Benzin'),(1385,'2.0 SkyActiv-G AT','2019-01-01',18.1818,250820,'3','Mazda','Benzin'),(1386,'2.0 SkyActiv-G MT','2019-01-01',19.6078,250820,'3','Mazda','Benzin'),(1387,'Skyactiv-G 2.0 MT','2017-01-01',16.129,350820,'6','Mazda','Benzin'),(1388,'Skyactiv-G 2.5 AT','2017-01-01',13.8889,350820,'6','Mazda','Benzin'),(1389,'Skyactiv-G 2.5 MT','2017-01-01',12.987,350820,'6','Mazda','Benzin'),(1390,'A 200 7G-DCT','2018-01-01',19.6078,305921,'A-Class','Mercedes-Benz','Benzin'),(1391,'A 200 7G-DCT','2018-01-01',19.2308,305921,'A-Class','Mercedes-Benz','Benzin'),(1392,'B 200 7G-DCT','2014-01-01',18.5185,330869,'B-Class','Mercedes-Benz','Benzin'),(1393,'A 160 MT','2018-01-01',18.1818,305921,'A-Class','Mercedes-Benz','Benzin'),(1394,'B 200 MT','2014-01-01',17.8571,330869,'B-Class','Mercedes-Benz','Benzin'),(1395,'B 180 MT','2014-01-01',17.8571,330869,'B-Class','Mercedes-Benz','Benzin'),(1396,'A 200 MT','2018-01-01',17.8571,305921,'A-Class','Mercedes-Benz','Benzin'),(1397,'B 180 7G-DCT','2018-01-01',17.8571,330869,'B-Class','Mercedes-Benz','Benzin'),(1398,'B 200 7G-DCT','2018-01-01',17.8571,330869,'B-Class','Mercedes-Benz','Benzin'),(1399,'B 180 7G-DCT','2014-01-01',17.5439,330869,'B-Class','Mercedes-Benz','Benzin'),(1400,'A 180 MT','2018-01-01',17.2414,305921,'A-Class','Mercedes-Benz','Benzin'),(1401,'E 250 9G-TRONIC','2016-01-01',16.9492,563420,'E-Class','Mercedes-Benz','Benzin'),(1402,'E 200 G-TRONIC','2016-01-01',16.6667,563420,'E-Class','Mercedes-Benz','Benzin'),(1403,'A 250 7G-DCT','2018-01-01',16.6667,305921,'A-Class','Mercedes-Benz','Benzin'),(1404,'C 200 9G-TRONIC','2018-01-01',16.6667,530720,'C-Class','Mercedes-Benz','Benzin'),(1405,'C 200 9G-TRONIC','2018-01-01',16.3934,530720,'C-Class','Mercedes-Benz','Benzin'),(1406,'E 200 MT','2016-01-01',16.3934,563420,'E-Class','Mercedes-Benz','Benzin'),(1407,'2.0 AT','2013-01-01',16.3934,563420,'E-Class','Mercedes-Benz','Benzin'),(1408,'2.0 AT','2013-01-01',16.3934,563420,'E-Class','Mercedes-Benz','Benzin'),(1409,'C 200 9G-TRONIC','2018-01-01',16.129,530720,'C-Class','Mercedes-Benz','Benzin'),(1410,'E 200 9G-TRONIC','2016-01-01',16.129,563420,'E-Class','Mercedes-Benz','Benzin'),(1411,'E 200 4MATIC 9G-TRONIC','2016-01-01',16.129,563420,'E-Class','Mercedes-Benz','Benzin'),(1412,'E 200 9G-TRONIC','2016-01-01',16.129,563420,'E-Class','Mercedes-Benz','Benzin'),(1413,'C 160 9G-TRONIC','2018-01-01',16.129,530720,'C-Class','Mercedes-Benz','Benzin'),(1414,'2.0 AT','2013-01-01',16.129,563420,'E-Class','Mercedes-Benz','Benzin'),(1415,'C 180 9G-TRONIC','2018-01-01',15.873,530720,'C-Class','Mercedes-Benz','Benzin'),(1416,'E 200 9G-TRONIC','2016-01-01',15.873,563420,'E-Class','Mercedes-Benz','Benzin'),(1417,'2.0 AT','2013-01-01',15.873,563420,'E-Class','Mercedes-Benz','Benzin'),(1418,'2.0 AT','2016-01-01',15.873,563420,'E-Class','Mercedes-Benz','Benzin'),(1419,'C 200 9G-TRONIC','2018-01-01',15.625,530720,'C-Class','Mercedes-Benz','Benzin'),(1420,'E 300 G-TRONIC','2016-01-01',15.625,563420,'E-Class','Mercedes-Benz','Benzin'),(1421,'2.0 AT','2013-01-01',15.625,563420,'E-Class','Mercedes-Benz','Benzin'),(1422,'2.0 MT','2013-01-01',15.625,563420,'E-Class','Mercedes-Benz','Benzin'),(1423,'A 220 7G-DCT 4MATIC','2018-01-01',15.3846,305921,'A-Class','Mercedes-Benz','Benzin'),(1424,'A 250 7G-DCT 4MATIC','2018-01-01',15.3846,305921,'A-Class','Mercedes-Benz','Benzin'),(1425,'C 160 9G-TRONIC','2018-01-01',15.3846,530720,'C-Class','Mercedes-Benz','Benzin'),(1426,'C 180 9G-TRONIC','2018-01-01',15.3846,530720,'C-Class','Mercedes-Benz','Benzin'),(1427,'C 180 9G-TRONIC','2018-01-01',15.3846,530720,'C-Class','Mercedes-Benz','Benzin'),(1428,'C 200 9G-TRONIC 4MATIC','2018-01-01',15.3846,530720,'C-Class','Mercedes-Benz','Benzin'),(1429,'C 300 9G-TRONIC','2018-01-01',15.3846,530720,'C-Class','Mercedes-Benz','Benzin'),(1430,'2.0 AT','2013-01-01',15.3846,563420,'E-Class','Mercedes-Benz','Benzin'),(1431,'2.0 AT 4WD','2016-01-01',15.3846,563420,'E-Class','Mercedes-Benz','Benzin'),(1432,'C 200 9G-TRONIC 4MATIC','2018-01-01',15.1515,530720,'C-Class','Mercedes-Benz','Benzin'),(1433,'C 200 9G-TRONIC 4MATIC','2018-01-01',15.1515,530720,'C-Class','Mercedes-Benz','Benzin'),(1434,'C 300 9G-TRONIC','2018-01-01',15.1515,530720,'C-Class','Mercedes-Benz','Benzin'),(1435,'E 200 G-TRONIC','2016-01-01',15.1515,563420,'E-Class','Mercedes-Benz','Benzin'),(1436,'2.0 AT','2016-01-01',15.1515,563420,'E-Class','Mercedes-Benz','Benzin'),(1437,'2.0 AT','2016-01-01',15.1515,563420,'E-Class','Mercedes-Benz','Benzin'),(1438,'C 200 9G-TRONIC 4MATIC','2018-01-01',14.9254,530720,'C-Class','Mercedes-Benz','Benzin'),(1439,'C 200 9G-TRONIC 4MATIC','2018-01-01',14.9254,530720,'C-Class','Mercedes-Benz','Benzin'),(1440,'C 300 9G-TRONIC','2018-01-01',14.9254,530720,'C-Class','Mercedes-Benz','Benzin'),(1441,'2.0 AT 4WD','2016-01-01',14.9254,563420,'E-Class','Mercedes-Benz','Benzin'),(1442,'C 200 9G-TRONIC 4MATIC','2018-01-01',14.7059,530720,'C-Class','Mercedes-Benz','Benzin'),(1443,'C 200 9G-TRONIC 4MATIC','2018-01-01',14.7059,530720,'C-Class','Mercedes-Benz','Benzin'),(1444,'E 300 9G-TRONIC','2016-01-01',14.7059,563420,'E-Class','Mercedes-Benz','Benzin'),(1445,'E 350 G-TRONIC EQ Boost','2016-01-01',14.7059,563420,'E-Class','Mercedes-Benz','Benzin'),(1446,'E 300 G-TRONIC','2016-01-01',14.7059,563420,'E-Class','Mercedes-Benz','Benzin'),(1447,'2.0 AT','2016-01-01',14.7059,563420,'E-Class','Mercedes-Benz','Benzin'),(1448,'2.0 MT','2016-01-01',14.7059,563420,'E-Class','Mercedes-Benz','Benzin'),(1449,'E 300 9G-TRONIC','2016-01-01',14.4928,563420,'E-Class','Mercedes-Benz','Benzin'),(1450,'2.0 AT','2020-01-01',14.4928,563420,'E-Class','Mercedes-Benz','Benzin'),(1451,'3.5 AT','2013-01-01',14.4928,563420,'E-Class','Mercedes-Benz','Benzin'),(1452,'2.0 AT','2016-01-01',14.4928,563420,'E-Class','Mercedes-Benz','Benzin'),(1453,'2.0 AT 4WD','2016-01-01',14.4928,563420,'E-Class','Mercedes-Benz','Benzin'),(1454,'2.0 AT','2016-01-01',14.4928,563420,'E-Class','Mercedes-Benz','Benzin'),(1455,'2.0 AT','2016-01-01',14.4928,563420,'E-Class','Mercedes-Benz','Benzin'),(1456,'E 200 9G-TRONIC','2016-01-01',14.2857,563420,'E-Class','Mercedes-Benz','Benzin'),(1457,'E 300 9G-TRONIC EQ Boost','2016-01-01',14.2857,563420,'E-Class','Mercedes-Benz','Benzin'),(1458,'E 300 9G-TRONIC','2016-01-01',14.2857,563420,'E-Class','Mercedes-Benz','Benzin'),(1459,'E 200 4MATIC G-TRONIC','2016-01-01',14.2857,563420,'E-Class','Mercedes-Benz','Benzin'),(1460,'3.5 AT','2013-01-01',14.2857,563420,'E-Class','Mercedes-Benz','Benzin'),(1461,'3.5 AT','2013-01-01',14.2857,563420,'E-Class','Mercedes-Benz','Benzin'),(1462,'2.0 AT','2016-01-01',14.2857,563420,'E-Class','Mercedes-Benz','Benzin'),(1463,'2.0 AT','2016-01-01',14.2857,563420,'E-Class','Mercedes-Benz','Benzin'),(1464,'C 200 9G-TRONIC 4MATIC','2018-01-01',13.8889,530720,'C-Class','Mercedes-Benz','Benzin'),(1465,'2.0 AT','2020-01-01',13.8889,563420,'E-Class','Mercedes-Benz','Benzin'),(1466,'2.0 AT','2020-01-01',13.8889,563420,'E-Class','Mercedes-Benz','Benzin'),(1467,'2.0 AT 4WD','2016-01-01',13.8889,563420,'E-Class','Mercedes-Benz','Benzin'),(1468,'E 200 4MATIC 9G-TRONIC','2016-01-01',13.6986,563420,'E-Class','Mercedes-Benz','Benzin'),(1469,'E 200 4MATIC G-TRONIC','2016-01-01',13.6986,563420,'E-Class','Mercedes-Benz','Benzin'),(1470,'2.0 AT','2020-01-01',13.6986,563420,'E-Class','Mercedes-Benz','Benzin'),(1471,'2.0 AT 4WD','2020-01-01',13.6986,563420,'E-Class','Mercedes-Benz','Benzin'),(1472,'3.5 AT 4WD','2013-01-01',13.6986,563420,'E-Class','Mercedes-Benz','Benzin'),(1473,'2.0 AT 4WD','2016-01-01',13.6986,563420,'E-Class','Mercedes-Benz','Benzin'),(1474,'2.0 AT 4WD','2016-01-01',13.6986,563420,'E-Class','Mercedes-Benz','Benzin'),(1475,'E 450 9G-TRONIC EQ Boost','2016-01-01',13.5135,563420,'E-Class','Mercedes-Benz','Benzin'),(1476,'E 53 4MATIC+ SPEEDSHIFT','2016-01-01',13.5135,563420,'E-Class','Mercedes-Benz','Benzin'),(1477,'2.0 AT','2020-01-01',13.5135,563420,'E-Class','Mercedes-Benz','Benzin'),(1478,'2.0 AT','2020-01-01',13.5135,563420,'E-Class','Mercedes-Benz','Benzin'),(1479,'2.0 AT 4WD','2020-01-01',13.5135,563420,'E-Class','Mercedes-Benz','Benzin'),(1480,'3.5 AT','2013-01-01',13.3333,563420,'E-Class','Mercedes-Benz','Benzin'),(1481,'3.5 AT 4WD','2013-01-01',13.3333,563420,'E-Class','Mercedes-Benz','Benzin'),(1482,'3.5 AT 4WD','2013-01-01',13.3333,563420,'E-Class','Mercedes-Benz','Benzin'),(1483,'3.5 AT 4WD','2013-01-01',13.3333,563420,'E-Class','Mercedes-Benz','Benzin'),(1484,'3.5 AT 4WD','2013-01-01',13.3333,563420,'E-Class','Mercedes-Benz','Benzin'),(1485,'2.0 AT 4WD','2016-01-01',13.3333,563420,'E-Class','Mercedes-Benz','Benzin'),(1486,'2.0 AT','2016-01-01',13.3333,563420,'E-Class','Mercedes-Benz','Benzin'),(1487,'3.5 AT','2016-01-01',13.3333,563420,'E-Class','Mercedes-Benz','Benzin'),(1488,'E 200 9G-TRONIC 4MATIC','2016-01-01',12.987,563420,'E-Class','Mercedes-Benz','Benzin'),(1489,'C 400 9G-TRONIC 4MATIC','2018-01-01',12.987,530720,'C-Class','Mercedes-Benz','Benzin'),(1490,'2.0 AT 4WD','2020-01-01',12.987,563420,'E-Class','Mercedes-Benz','Benzin'),(1491,'C 400 9G-TRONIC 4MATIC','2018-01-01',12.8205,530720,'C-Class','Mercedes-Benz','Benzin'),(1492,'2.0 AT','2016-01-01',12.8205,563420,'E-Class','Mercedes-Benz','Benzin'),(1493,'E 400 4MATIC 9G-TRONIC','2016-01-01',12.6582,563420,'E-Class','Mercedes-Benz','Benzin'),(1494,'C 400 9G-TRONIC 4MATIC','2018-01-01',12.6582,530720,'C-Class','Mercedes-Benz','Benzin'),(1495,'3.0 AT','2013-01-01',12.6582,563420,'E-Class','Mercedes-Benz','Benzin'),(1496,'3.0 AT','2013-01-01',12.6582,563420,'E-Class','Mercedes-Benz','Benzin'),(1497,'3.5 AT 4WD','2013-01-01',12.6582,563420,'E-Class','Mercedes-Benz','Benzin'),(1498,'3.5 AT 4WD','2013-01-01',12.6582,563420,'E-Class','Mercedes-Benz','Benzin'),(1499,'3.5 AT 4WD','2016-01-01',12.6582,563420,'E-Class','Mercedes-Benz','Benzin'),(1500,'E 400 4MATIC G-TRONIC','2016-01-01',12.3457,563420,'E-Class','Mercedes-Benz','Benzin'),(1501,'E 400 9G-TRONIC','2016-01-01',12.1951,563420,'E-Class','Mercedes-Benz','Benzin'),(1502,'C 400 9G-TRONIC 4MATIC','2018-01-01',12.1951,530720,'C-Class','Mercedes-Benz','Benzin'),(1503,'3.5 AT 4WD','2016-01-01',12.1951,563420,'E-Class','Mercedes-Benz','Benzin'),(1504,'E 400 4MATIC 9G-TRONIC','2016-01-01',12.0482,563420,'E-Class','Mercedes-Benz','Benzin'),(1505,'3.0 AT 4WD','2020-01-01',12.0482,563420,'E-Class','Mercedes-Benz','Benzin'),(1506,'3.0 AT 4WD','2016-01-01',12.0482,563420,'E-Class','Mercedes-Benz','Benzin'),(1507,'E 450 4MATIC 9G-TRONIC','2016-01-01',11.9048,563420,'E-Class','Mercedes-Benz','Benzin'),(1508,'E 43 AMG 4MATIC 9G-TRONIC','2016-01-01',11.9048,563420,'E-Class','Mercedes-Benz','Benzin'),(1509,'3.0 AT 4WD','2016-01-01',11.9048,563420,'E-Class','Mercedes-Benz','Benzin'),(1510,'3.5 AT','2016-01-01',11.9048,563420,'E-Class','Mercedes-Benz','Benzin'),(1511,'3.0 AT 4WD','2020-01-01',11.7647,563420,'E-Class','Mercedes-Benz','Benzin'),(1512,'3.0 AT 4WD','2013-01-01',11.7647,563420,'E-Class','Mercedes-Benz','Benzin'),(1513,'3.0 AT 4WD','2013-01-01',11.7647,563420,'E-Class','Mercedes-Benz','Benzin'),(1514,'E 43 4MATIC G-TRONIC','2016-01-01',11.6279,563420,'E-Class','Mercedes-Benz','Benzin'),(1515,'E 53 4MATIC+ 9G-TRONIC','2016-01-01',11.6279,563420,'E-Class','Mercedes-Benz','Benzin'),(1516,'3.0 AT 4WD','2016-01-01',11.6279,563420,'E-Class','Mercedes-Benz','Benzin'),(1517,'3.0 AT 4WD','2016-01-01',11.6279,563420,'E-Class','Mercedes-Benz','Benzin'),(1518,'E 53 9G-TRONIC 4MATIC+','2016-01-01',11.4943,563420,'E-Class','Mercedes-Benz','Benzin'),(1519,'3.0 AT 4WD','2020-01-01',11.4943,563420,'E-Class','Mercedes-Benz','Benzin'),(1520,'E 53 9G-TRONIC 4MATIC+','2016-01-01',11.3636,563420,'E-Class','Mercedes-Benz','Benzin'),(1521,'3.0 AT 4WD','2016-01-01',11.3636,563420,'E-Class','Mercedes-Benz','Benzin'),(1522,'3.0 AT 4WD','2016-01-01',11.236,563420,'E-Class','Mercedes-Benz','Benzin'),(1523,'3.0 AT 4WD','2016-01-01',11.236,563420,'E-Class','Mercedes-Benz','Benzin'),(1524,'E 63 4MATIC+ G-TRONIC','2016-01-01',10.989,563420,'E-Class','Mercedes-Benz','Benzin'),(1525,'E 63 S 4MATIC+ G-TRONIC','2016-01-01',10.989,563420,'E-Class','Mercedes-Benz','Benzin'),(1526,'C 43 SPEEDSHIFT 4MATIC','2018-01-01',10.989,530720,'C-Class','Mercedes-Benz','Benzin'),(1527,'4.7 AT','2013-01-01',10.989,563420,'E-Class','Mercedes-Benz','Benzin'),(1528,'C 43 9G-TRONIC 4MATIC','2018-01-01',10.8696,530720,'C-Class','Mercedes-Benz','Benzin'),(1529,'C 43 SPEEDSHIFT 4MATIC','2018-01-01',10.6383,530720,'C-Class','Mercedes-Benz','Benzin'),(1530,'4.7 AT','2013-01-01',10.6383,563420,'E-Class','Mercedes-Benz','Benzin'),(1531,'4.7 AT 4WD','2013-01-01',10.6383,563420,'E-Class','Mercedes-Benz','Benzin'),(1532,'C 43 9G-TRONIC 4MATIC','2018-01-01',10.5263,530720,'C-Class','Mercedes-Benz','Benzin'),(1533,'4.7 AT 4WD','2013-01-01',10.5263,563420,'E-Class','Mercedes-Benz','Benzin'),(1534,'C 63 S SPEEDSHIFT','2018-01-01',10.101,530720,'C-Class','Mercedes-Benz','Benzin'),(1535,'C 63 SPEEDSHIFT','2018-01-01',10.101,530720,'C-Class','Mercedes-Benz','Benzin'),(1536,'C 63 9G-TRONIC','2018-01-01',9.90099,530720,'C-Class','Mercedes-Benz','Benzin'),(1537,'C 63 S 9G-TRONIC','2018-01-01',9.90099,530720,'C-Class','Mercedes-Benz','Benzin'),(1538,'C 63 S SPEEDSHIFT MCT','2018-01-01',9.61539,530720,'C-Class','Mercedes-Benz','Benzin'),(1539,'C 63 SPEEDSHIFT MCT','2018-01-01',9.61539,530720,'C-Class','Mercedes-Benz','Benzin'),(1540,'E 63 AMG 4MATIC+ 9G-TRONIC','2016-01-01',9.25926,563420,'E-Class','Mercedes-Benz','Benzin'),(1541,'E 63 S AMG 4MATIC+ 9G-TRONIC','2016-01-01',9.25926,563420,'E-Class','Mercedes-Benz','Benzin'),(1542,'G 500 9G-Tronic 4Matic','2018-01-01',8.69565,2358000,'G-Class','Mercedes-Benz','Benzin'),(1543,'G 63 AMG Speedshift 4Matic','2018-01-01',7.63359,2358000,'G-Class','Mercedes-Benz','Benzin'),(1544,'C 200 9G-TRONIC 4MATIC','2018-01-01',15.3846,530720,'C-Class','Mercedes-Benz','Benzin'),(1545,'E 450 4MATIC G-TRONIC','2016-01-01',14.2857,563420,'E-Class','Mercedes-Benz','Benzin'),(1546,'A 35 SpeedShift 4Matic','2018-01-01',18.5185,305921,'A-Class','Mercedes-Benz','Benzin'),(1547,'A 200 7G-DCT','2018-01-01',18.1818,305921,'A-Class','Mercedes-Benz','Benzin'),(1548,'A 200 MT','2018-01-01',19.2308,305921,'A-Class','Mercedes-Benz','Benzin'),(1549,'A 220 7G-DCT 4MATIC','2018-01-01',16.6667,305921,'A-Class','Mercedes-Benz','Benzin'),(1550,'E 200 4MATIC 9G-TRONIC','2016-01-01',21.2766,563420,'E-Class','Mercedes-Benz','Benzin'),(1551,'2.0 AT','2016-01-01',14.9254,563420,'E-Class','Mercedes-Benz','Benzin'),(1552,'1.0 MT','2015-01-01',24.3902,74900,'108','Peugeot','Benzin'),(1553,'1.0 AMT','2015-01-01',23.8095,74900,'108','Peugeot','Benzin'),(1554,'1.2 MT','2015-01-01',23.2558,74900,'108','Peugeot','Benzin'),(1555,'1.2 AT','2017-01-01',22.2222,305810,'308','Peugeot','Benzin'),(1556,'1.2 AT','2017-01-01',22.2222,305810,'308','Peugeot','Benzin'),(1557,'1.2 MT','2017-01-01',21.7391,305810,'308','Peugeot','Benzin'),(1558,'1.2 MT','2017-01-01',21.2766,305810,'308','Peugeot','Benzin'),(1559,'1.2 MT','2016-01-01',20.4082,250000,'301','Peugeot','Benzin'),(1560,'1.2 MT','2017-01-01',19.6078,305810,'308','Peugeot','Benzin'),(1561,'1.2 AT','2017-01-01',19.2308,275810,'2008','Peugeot','Benzin'),(1562,'1.2 MT','2017-01-01',18.8679,305810,'308','Peugeot','Benzin'),(1563,'1.6 PureTech AT','2018-01-01',18.5185,325000,'508','Peugeot','Benzin'),(1564,'1.6 MT','2015-01-01',18.5185,275810,'208 GTi','Peugeot','Benzin'),(1565,'1.6 PureTech AT','2018-01-01',18.1818,325000,'508','Peugeot','Benzin'),(1566,'1.6 PureTech GT AT','2018-01-01',17.8571,325000,'508','Peugeot','Benzin'),(1567,'1.6 THP MT','2014-01-01',17.8571,325000,'508','Peugeot','Benzin'),(1568,'1.6 THP AT','2017-01-01',17.5439,335810,'3008','Peugeot','Benzin'),(1569,'1.6 PureTech AT','2018-01-01',17.5439,325000,'508','Peugeot','Benzin'),(1570,'1.6 GTi MT','2017-01-01',16.6667,305810,'308','Peugeot','Benzin'),(1571,'1.6 MT','2017-01-01',16.6667,305810,'308','Peugeot','Benzin'),(1572,'1.6 VTi ETG','2014-01-01',16.129,325000,'508','Peugeot','Benzin'),(1573,'1.2 MT','2020-01-01',15.625,335810,'3008','Peugeot','Benzin'),(1574,'1.6 MT','2016-01-01',15.3846,250000,'301','Peugeot','Benzin'),(1575,'1.6 THP AT','2017-01-01',15.3846,305810,'308','Peugeot','Benzin'),(1576,'1.6 THP AT','2017-01-01',15.3846,305810,'308','Peugeot','Benzin'),(1577,'1.2 AT','2020-01-01',15.1515,335810,'3008','Peugeot','Benzin'),(1578,'1.6 THP AT','2017-01-01',14.9254,299990,'408','Peugeot','Benzin'),(1579,'1.6 AT','2017-01-01',14.9254,299990,'408','Peugeot','Benzin'),(1580,'1.6 AT','2020-01-01',14.2857,335810,'3008','Peugeot','Benzin'),(1581,'1.6 MT','2017-01-01',14.0845,299990,'408','Peugeot','Benzin'),(1582,'1.6 VTi ETG','2014-01-01',14.0845,325000,'508','Peugeot','Benzin'),(1583,'1.6 AT','2016-01-01',13.6986,250000,'301','Peugeot','Benzin'),(1584,'0.9 TsE MT','2012-01-01',23.2558,190810,'Clio','Renault','Benzin'),(1585,'1.0 MT','2019-01-01',22.7273,190810,'Clio','Renault','Benzin'),(1586,'0.9 MT','2012-01-01',22.2222,190810,'Clio','Renault','Benzin'),(1587,'1.2 TCe MT','2013-01-01',19.6078,256810,'Megane','Renault','Benzin'),(1588,'1.3 AMT','2019-01-01',19.2308,190810,'Clio','Renault','Benzin'),(1589,'1.2 TCe MT','2016-01-01',18.8679,256810,'Megane','Renault','Benzin'),(1590,'1.2 TCe MT','2016-01-01',18.8679,256810,'Megane','Renault','Benzin'),(1591,'1.2 MT','2013-01-01',18.8679,256810,'Megane','Renault','Benzin'),(1592,'1.2 TCe MT','2016-01-01',18.5185,256810,'Megane','Renault','Benzin'),(1593,'1.2 TCe EDC','2016-01-01',18.5185,256810,'Megane','Renault','Benzin'),(1594,'1.2 TCe MT','2013-01-01',18.5185,256810,'Megane','Renault','Benzin'),(1595,'1.2 TCe EDC','2016-01-01',18.5185,256810,'Megane','Renault','Benzin'),(1596,'1.2 AMT','2012-01-01',18.5185,190810,'Clio','Renault','Benzin'),(1597,'1.2 MT','2013-01-01',18.5185,256810,'Megane','Renault','Benzin'),(1598,'1.2 MT','2012-01-01',18.1818,190810,'Clio','Renault','Benzin'),(1599,'1.2 TCe EDC','2013-01-01',17.8571,256810,'Megane','Renault','Benzin'),(1600,'1.6 TCe EDC','2016-01-01',16.6667,256810,'Megane','Renault','Benzin'),(1601,'1.6 TCe MT','2016-01-01',16.6667,256810,'Megane','Renault','Benzin'),(1602,'1.2 MT','2013-01-01',16.129,134700,'Logan','Renault','Benzin'),(1603,'1.6 Turbo EDC','2012-01-01',15.873,190810,'Clio','Renault','Benzin'),(1604,'1.6 SCe MT','2016-01-01',15.873,256810,'Megane','Renault','Benzin'),(1605,'1.6 SCe MT','2016-01-01',15.873,256810,'Megane','Renault','Benzin'),(1606,'1.6 16V CVT','2013-01-01',15.625,256810,'Megane','Renault','Benzin'),(1607,'1.2 TCe MT','2013-01-01',15.625,256810,'Megane','Renault','Benzin'),(1608,'1.6 SCe CVT','2016-01-01',15.1515,256810,'Megane','Renault','Benzin'),(1609,'1.6 MT','2013-01-01',15.1515,134700,'Logan','Renault','Benzin'),(1610,'1.6 MT','2018-01-01',15.1515,134700,'Logan','Renault','Benzin'),(1611,'1.6 CVT','2013-01-01',15.1515,256810,'Megane','Renault','Benzin'),(1612,'1.6 CVT X-Tronic','2018-01-01',14.9254,134700,'Logan','Renault','Benzin'),(1613,'1.6 MT','2013-01-01',14.9254,256810,'Megane','Renault','Benzin'),(1614,'1.6 MT','2018-01-01',14.7059,134700,'Logan','Renault','Benzin'),(1615,'1.6 AMT','2013-01-01',14.4928,134700,'Logan','Renault','Benzin'),(1616,'1.6 16V MT','2013-01-01',14.4928,256810,'Megane','Renault','Benzin'),(1617,'1.6 MT','2013-01-01',14.0845,134700,'Logan','Renault','Benzin'),(1618,'1.6 MT','2018-01-01',14.0845,134700,'Logan','Renault','Benzin'),(1619,'1.6 MT','2013-01-01',13.8889,134700,'Logan','Renault','Benzin'),(1620,'1.6 MT','2013-01-01',13.8889,134700,'Logan','Renault','Benzin'),(1621,'2.0 MT','2013-01-01',13.6986,256810,'Megane','Renault','Benzin'),(1622,'1.6 MT','2018-01-01',13.5135,134700,'Logan','Renault','Benzin'),(1623,'2.0 CVT','2013-01-01',12.8205,256810,'Megane','Renault','Benzin'),(1624,'2.0 CVT','2013-01-01',12.8205,256810,'Megane','Renault','Benzin'),(1625,'1.6 MT','2013-01-01',12.6582,256810,'Megane','Renault','Benzin'),(1626,'2.0 16V CVT','2013-01-01',12.5,256810,'Megane','Renault','Benzin'),(1627,'2.0 MT','2013-01-01',12.5,256810,'Megane','Renault','Benzin'),(1628,'2.0 MT','2013-01-01',12.5,256810,'Megane','Renault','Benzin'),(1629,'2.0 Turbo RS 250 MT','2013-01-01',12.1951,256810,'Megane','Renault','Benzin'),(1630,'1.6 AT','2018-01-01',12.0482,134700,'Logan','Renault','Benzin'),(1631,'1.6 AT','2013-01-01',11.9048,134700,'Logan','Renault','Benzin'),(1632,'1.6 AT','2018-01-01',11.9048,134700,'Logan','Renault','Benzin'),(1633,'1.2 TSI DSG','2012-01-01',20.8333,231680,'Leon','SEAT','Benzin'),(1634,'1.2 TSI MT','2012-01-01',20.4082,231680,'Leon','SEAT','Benzin'),(1635,'1.2 TSI DSG','2012-01-01',20,231680,'Leon','SEAT','Benzin'),(1636,'1.4 TSI MT','2012-01-01',19.2308,231680,'Leon','SEAT','Benzin'),(1637,'1.4 TSI MT','2012-01-01',19.2308,231680,'Leon','SEAT','Benzin'),(1638,'1.2 TSI MT','2012-01-01',19.2308,231680,'Leon','SEAT','Benzin'),(1639,'1.2 TSI MT','2012-01-01',19.2308,231680,'Leon','SEAT','Benzin'),(1640,'1.4 TSI MT','2012-01-01',19.2308,231680,'Leon','SEAT','Benzin'),(1641,'1.4 TSI DSG','2012-01-01',19.2308,231680,'Leon','SEAT','Benzin'),(1642,'1.4 TSI MT','2012-01-01',19.2308,231680,'Leon','SEAT','Benzin'),(1643,'1.4 TSI MT','2012-01-01',19.2308,231680,'Leon','SEAT','Benzin'),(1644,'1.4 TSI MT','2012-01-01',18.8679,231680,'Leon','SEAT','Benzin'),(1645,'1.8 TSI DSG','2012-01-01',17.5439,231680,'Leon','SEAT','Benzin'),(1646,'1.8 TSI DSG','2012-01-01',17.2414,231680,'Leon','SEAT','Benzin'),(1647,'1.8 TSI MT','2012-01-01',16.9492,231680,'Leon','SEAT','Benzin'),(1648,'1.8 TSI MT','2012-01-01',16.6667,231680,'Leon','SEAT','Benzin'),(1649,'2.0 TSI DSG','2012-01-01',15.625,231680,'Leon','SEAT','Benzin'),(1650,'2.0 TSI DSG','2012-01-01',15.625,231680,'Leon','SEAT','Benzin'),(1651,'2.0 TSI MT','2012-01-01',15.1515,231680,'Leon','SEAT','Benzin'),(1652,'2.0 TSI MT','2012-01-01',15.1515,231680,'Leon','SEAT','Benzin'),(1653,'1,6 Â MT','2017-01-01',16.3934,232815,'Polo Vivo Dune','Volkswagen','Benzin'),(1654,'1.4 MT','2015-01-01',16.129,232815,'Polo','Volkswagen','Benzin'),(1655,'55 quattro','2018-01-01',22.2222,1000000,'e-tron','Audi','El'),(1656,'0.0 Â electro','2018-01-01',2.85714,1000000,'e-tron','Audi','El'),(1657,'i3','2013-01-01',6.25,239990,'i3','BMW','El'),(1658,'i3','2017-01-01',6.53595,239990,'i3','BMW','El'),(1659,'i3s','2017-01-01',6.53595,239990,'i3','BMW','El'),(1660,'60','2012-01-01',47.619,1443000,'Model S','Tesla','El'),(1661,'85','2012-01-01',52.6316,1443000,'Model S','Tesla','El'),(1662,'85 Performance','2012-01-01',52.6316,1443000,'Model S','Tesla','El'),(1663,'85D','2012-01-01',50,1443000,'Model S','Tesla','El'),(1664,'P 85D','2012-01-01',58.8235,1443000,'Model S','Tesla','El'),(1665,'100 AWD','2016-01-01',37.037,1443000,'Model S','Tesla','El'),(1666,'60 AWD','2016-01-01',55.5556,1443000,'Model S','Tesla','El'),(1667,'70 AWD','2016-01-01',47.619,1443000,'Model S','Tesla','El'),(1668,'75','2016-01-01',50,1443000,'Model S','Tesla','El'),(1669,'75 AWD','2016-01-01',47.619,1443000,'Model S','Tesla','El'),(1670,'90 AWD','2016-01-01',50,1443000,'Model S','Tesla','El'),(1671,'P90D','2016-01-01',58.8235,1443000,'Model S','Tesla','El'),(1672,'190 kW Â four-wheel drive, automatic transmission','2017-01-01',37.037,420810,'Model 3','Tesla','El'),(1673,'258 kW Â four-wheel drive, automatic transmission','2017-01-01',35.7143,420810,'Model 3','Tesla','El'),(1674,'262 hp Automatic transmission','2017-01-01',35.7143,420810,'Model 3','Tesla','El'),(1675,'340 kW Â all-wheel drive, Automatic transmission','2017-01-01',41.6667,420810,'Model 3','Tesla','El'),(1676,'340 kW (462 HP.C) four-wheel drive, automatic transmission','2017-01-01',40,420810,'Model 3','Tesla','El'),(1677,'AT (341 kW) 4WD','2017-01-01',37.037,420810,'Model 3','Tesla','El');
/*!40000 ALTER TABLE `car` ENABLE KEYS */;
UNLOCK TABLES;

--
-- Table structure for table `fuelprice`
--

DROP TABLE IF EXISTS `fuelprice`;
/*!40101 SET @saved_cs_client     = @@character_set_client */;
/*!50503 SET character_set_client = utf8mb4 */;
CREATE TABLE `fuelprice` (
  `FPId` int NOT NULL AUTO_INCREMENT,
  `FuelName` varchar(10) NOT NULL,
  `Date` datetime DEFAULT NULL,
  `Price` float NOT NULL,
  PRIMARY KEY (`FPId`),
  KEY `FuelName` (`FuelName`),
  CONSTRAINT `fuelprice_ibfk_1` FOREIGN KEY (`FuelName`) REFERENCES `fueltype` (`FuelName`)
) ENGINE=InnoDB AUTO_INCREMENT=9 DEFAULT CHARSET=utf8mb4 COLLATE=utf8mb4_0900_ai_ci;
/*!40101 SET character_set_client = @saved_cs_client */;

--
-- Dumping data for table `fuelprice`
--

LOCK TABLES `fuelprice` WRITE;
/*!40000 ALTER TABLE `fuelprice` DISABLE KEYS */;
INSERT INTO `fuelprice` VALUES (1,'Benzin','2022-08-31 00:00:00',16.36),(2,'Benzin','2022-07-31 00:00:00',17.19),(3,'Benzin','2022-06-30 00:00:00',18.69),(4,'Benzin','2022-05-31 00:00:00',18.69),(5,'El','2022-08-31 00:00:00',3.37),(6,'El','2022-07-31 00:00:00',1.89),(7,'El','2022-06-30 00:00:00',1.59),(8,'El','2022-05-31 00:00:00',1.24);
/*!40000 ALTER TABLE `fuelprice` ENABLE KEYS */;
UNLOCK TABLES;

--
-- Table structure for table `fueltype`
--

DROP TABLE IF EXISTS `fueltype`;
/*!40101 SET @saved_cs_client     = @@character_set_client */;
/*!50503 SET character_set_client = utf8mb4 */;
CREATE TABLE `fueltype` (
  `FuelName` varchar(10) NOT NULL,
  PRIMARY KEY (`FuelName`)
) ENGINE=InnoDB DEFAULT CHARSET=utf8mb4 COLLATE=utf8mb4_0900_ai_ci;
/*!40101 SET character_set_client = @saved_cs_client */;

--
-- Dumping data for table `fueltype`
--

LOCK TABLES `fueltype` WRITE;
/*!40000 ALTER TABLE `fueltype` DISABLE KEYS */;
INSERT INTO `fueltype` VALUES ('Benzin'),('El');
/*!40000 ALTER TABLE `fueltype` ENABLE KEYS */;
UNLOCK TABLES;

--
-- Table structure for table `model`
--

DROP TABLE IF EXISTS `model`;
/*!40101 SET @saved_cs_client     = @@character_set_client */;
/*!50503 SET character_set_client = utf8mb4 */;
CREATE TABLE `model` (
  `MName` varchar(50) NOT NULL,
  PRIMARY KEY (`MName`)
) ENGINE=InnoDB DEFAULT CHARSET=utf8mb4 COLLATE=utf8mb4_0900_ai_ci;
/*!40101 SET character_set_client = @saved_cs_client */;

--
-- Dumping data for table `model`
--

LOCK TABLES `model` WRITE;
/*!40000 ALTER TABLE `model` DISABLE KEYS */;
INSERT INTO `model` VALUES ('1 Series'),('108'),('2'),('2 Series'),('2008'),('208 GTi'),('3'),('3 Series'),('3008'),('301'),('308'),('4 Series'),('408'),('5 Series'),('500'),('500e'),('500L'),('500X'),('508'),('6'),('6 Series'),('7 Series'),('8 Series'),('A-Class'),('A1'),('A3'),('A4'),('A4 allroad'),('A5'),('A6'),('A7'),('A8'),('B-Class'),('C-Class'),('C1'),('C40'),('Ceed'),('Clio'),('Cooper SE'),('Corsa'),('CX-3'),('Doblo'),('e-208'),('E-Class'),('e-tron'),('EcoSport'),('Fiesta'),('Focus'),('Freemont'),('G-Class'),('i3'),('iX'),('Ka'),('Kona'),('Kuga'),('Leon'),('Logan'),('Megane'),('Model 3'),('Model S'),('Mondeo'),('Mustang'),('Panda'),('Polo'),('Polo Vivo Dune'),('Punto'),('Q2'),('Q3'),('Q3 Sportback'),('Q5'),('Q7'),('Q8'),('Qashqai'),('R8'),('RS 3'),('RS 4'),('RS 5'),('RS 6'),('RS 7'),('RS Q3'),('RS Q8'),('S1'),('S3'),('S5'),('S6'),('S7'),('SQ2'),('SQ5'),('Taycan 4'),('Tipo'),('Tourneo Connect'),('TT'),('V60');
/*!40000 ALTER TABLE `model` ENABLE KEYS */;
UNLOCK TABLES;
/*!40103 SET TIME_ZONE=@OLD_TIME_ZONE */;

/*!40101 SET SQL_MODE=@OLD_SQL_MODE */;
/*!40014 SET FOREIGN_KEY_CHECKS=@OLD_FOREIGN_KEY_CHECKS */;
/*!40014 SET UNIQUE_CHECKS=@OLD_UNIQUE_CHECKS */;
/*!40101 SET CHARACTER_SET_CLIENT=@OLD_CHARACTER_SET_CLIENT */;
/*!40101 SET CHARACTER_SET_RESULTS=@OLD_CHARACTER_SET_RESULTS */;
/*!40101 SET COLLATION_CONNECTION=@OLD_COLLATION_CONNECTION */;
/*!40111 SET SQL_NOTES=@OLD_SQL_NOTES */;

-- Dump completed on 2022-11-09 14:15:52
